date,area,temp,atemp,humidity,windspeed,rain
2023-01-13,Cerulean City,26.869605911632476,-8.894445930257113,43.13844972515403,6.009596504936854,1
2023-01-17,Cerulean City,18.385473527073522,-4.988308884446258,88.42774731666641,20.86435711512942,1
2023-01-31,Seafoam Islands,26.867669856484692,0.6595249162578831,30.940357218955782,30.733466478798732,1
2023-01-31,Goldenrod City,24.329853012416844,107.90340453028585,64.5542820363178,8.618054559314519,0
2023-01-23,Cianwood City,30.72690282042062,75.23675294673501,51.2983105997792,13.71797474342835,0
2023-01-11,Mt. Mortar,24.38965946305191,-77.019645311489,54.32431530126078,10.642887298528127,1
2023-01-28,Olivine City,21.53021608185321,-2.5200454495521356,59.03851177989238,19.818354952253337,1
2023-01-11,Goldenrod City,25.14944435880711,19.48123905505301,64.8181546337933,11.085350792835282,1
2023-01-11,Viridian Forest,25.98655588963436,2.2998761070653124,48.21709470552152,2.1530069592474437,1
2023-01-27,Mt. Mortar,30.257599851871458,-41.76971826143367,42.568694730700116,15.386585948725669,1
2023-01-20,Mt. Moon,32.049918647863564,43.842596274244585,61.7896398505779,7.988164542070292,0
2023-01-09,Mahogany Town,16.438968692657767,63.50308749545181,49.98162426021823,30.286429023783185,0
2023-01-25,Ruins of Alph,18.696244096639127,-25.476372637556942,55.166540909559394,8.687606461658806,1
2023-01-31,Whirl Islands,33.86659705232264,7.004385629698174,80.74201545162,0.1093710792947995,1
2023-01-23,Mt. Moon,27.022542506715382,-49.901239992366115,69.98280284256151,4.137955282862709,1
2023-01-19,Cerulean City,26.6167443474589,31.334047580669512,17.389917417175916,25.951202556924734,0
2023-01-05,Lavender Town,22.517563844500543,23.13047298188566,55.57304482513619,18.936875046523237,1
2023-01-28,Mahogany Town,16.146720522727687,14.461132778301549,63.99192083349691,17.958384152684538,1
2023-01-17,Mt. Silver,27.03352847820897,95.55555645367284,69.1502729898049,-1.305127433271684,0
2023-01-18,Tohjo Falls,33.6295457921226,16.72840479499821,75.71057872253876,20.876926348585386,1
2023-01-28,Saffron City,19.609331352661577,60.00592222039325,68.69326009959683,12.628980039033149,0
2023-01-20,Cherrygrove City,15.912268081535382,-17.19819967892284,31.69927279438167,3.3067816540721395,1
2023-01-14,Pallet Town,27.118003021441094,20.03122777971028,49.33163947149885,9.799075629560374,1
2023-01-18,Pewter City,27.909846198538943,5.54035755114305,78.64587918823197,29.955912573491702,1
2023-01-14,Cherrygrove City,19.510766721122938,-11.989374828029625,39.066672014753344,-1.3016640295023212,1
2023-01-08,Viridian Forest,23.37675318616153,45.935008535879284,87.48097890168629,21.848090277421022,0
2023-01-22,Seafoam Islands,23.15637330210709,-2.234040179946689,66.67196746374769,8.132614644400592,1
2023-01-27,Cinnabar Island,27.0398002074796,67.52405173706421,96.8795299048671,18.465017375147276,0
2023-01-27,Power Plant,27.77035871753312,60.47739007517195,74.22050877006612,17.50270988925226,0
2023-01-31,Saffron City,23.525637213273352,18.75701800210217,69.03759976863442,3.5282476112798307,1
2023-01-12,Cinnabar Island,21.612395719651257,18.610738119908383,64.8835937042373,11.421730401331644,1
2023-01-17,Cherrygrove City,17.641321708554813,57.875442523971806,49.44647868053501,17.021031317156588,0
2023-01-13,Viridian Forest,26.681733416814655,-38.1712945739763,83.31444561246572,8.00131614035271,1
2023-01-03,Cerulean City,28.763958702124743,-26.734453918889937,54.24439973919663,1.5526943054855131,1
2023-01-26,Cianwood City,19.13374831671321,-28.754374371497555,39.175124015387254,23.853814850717825,1
2023-01-12,Mt. Mortar,19.488267951075137,-16.159265144215524,73.71319374835538,22.245951897768244,1
2023-01-25,Lavender Town,23.1763315811657,23.12326574950624,37.844286023391874,10.467164631694528,1
2023-01-27,Goldenrod City,16.063198574074434,3.379009652549083,41.985473693941614,11.825340376077998,1
2023-01-23,Olivine City,24.972002450638012,33.89283701577505,37.24929113746859,5.077830792728996,0
2023-01-22,Vermillion City,31.464089883254314,101.11286384966981,78.46257195956312,17.728022858137273,0
2023-01-04,Cianwood City,20.03500153159477,-35.749866574439,39.10443218421172,9.7016027634624,1
2023-01-08,Whirl Islands,19.225680401946903,42.14210596711684,52.49211453393229,17.199373954327957,0
2023-01-30,Blackthorn City,23.162990053431685,53.990803720647776,46.7103405221617,23.525533373034783,0
2023-01-06,Azalea Town,21.88787578909052,3.273031015463335,100.20455028576056,23.197931548432717,1
2023-01-14,Saffron City,26.677653035144775,83.20705557214302,83.42039142513546,25.574617981914535,0
2023-01-28,Ruins of Alph,34.46961973951267,47.85474475415699,81.63864402581626,8.577345155835545,0
2023-01-04,Pallet Town,28.56443606836777,142.60117925533,44.22386987197139,30.472996711104273,0
2023-01-06,Ruins of Alph,20.78367865118861,19.42025511282801,68.9935162591366,35.91304627670511,1
2023-01-10,Vermillion City,23.6595776650341,9.728066211913227,60.4938136582495,2.575717066094162,1
2023-01-30,Vermillion City,32.687979578603226,37.58716295534212,39.868532194377494,9.568474079140227,0
2023-01-09,Pewter City,26.184959291408116,38.1127260534721,55.58245640313335,23.743583111022378,0
2023-01-19,Pewter City,22.10245492604964,42.19772401675762,30.108607247841306,25.894697820710434,0
2023-01-23,Viridian City,26.641499894946136,89.23262669515499,62.20834876821094,13.634075147377363,0
2023-01-29,Ecruteak City,26.487472471890793,6.47858856238415,94.46497765031951,-2.9091647178078173,1
2023-01-07,New Bark Town,28.74746342462783,37.75553600999935,95.36456344475098,18.416061528242,1
2023-01-10,Celadon City,27.570213505793767,-19.044030689857614,43.680679918968266,21.62610282648143,1
2023-01-26,Azalea Town,33.13159377267239,114.72946691935319,82.47438833720804,11.201265099122796,0
2023-01-10,Safari Zone,34.02132964352272,76.88925115526881,102.0029331498146,15.580034944912814,0
2023-01-10,Seafoam Islands,12.48284096647763,-17.104704941784213,44.297162402797724,15.74800790412732,1
2023-01-10,Goldenrod City,22.12933752786257,37.04029385729352,59.46984255736048,0.5519109823604236,0
2023-01-11,Olivine City,22.98267314581225,84.32044131018131,69.95873655495225,12.149927663263476,0
2023-01-20,Pallet Town,29.960166286781135,47.091903033360325,66.12942079182538,17.397732196341938,0
2023-01-28,Cinnabar Island,28.961005540810252,84.13268857515715,26.26521609839788,32.22725738440328,0
2023-01-23,Viridian Forest,20.13534402776776,49.58716835748949,31.458932042129305,9.279920453246834,0
2023-01-02,Olivine City,10.47220934502853,16.00636931686411,37.1353196833267,-4.135914361782708,0
2023-01-20,Ecruteak City,24.18252041420343,49.55631452340762,55.39707931797272,24.040123552956384,0
2023-01-11,Saffron City,41.796326779926645,-48.225667604705535,57.07778408961858,11.337792024958476,1
2023-01-25,Seafoam Islands,15.555010135637367,40.309824814991025,86.17723486141949,22.293480152780234,0
2023-01-15,Fuchsia City,24.330613411689445,46.550961592097806,77.10010155956407,14.989817658234486,0
2023-01-18,Mt. Silver,23.49619868129407,0.6802076837900053,53.94934888238275,16.164830750705605,1
2023-01-19,Lake of Rage,29.18399263965108,-28.530492913659216,58.131819532769846,8.342466151302368,1
2023-01-25,Mahogany Town,26.403619105969938,46.41866452427115,63.6329891840176,36.011328689648096,0
2023-01-23,Mahogany Town,15.569969188369623,-23.0759663925193,85.79573491029913,26.80132883156015,1
2023-01-23,Mt. Mortar,24.309290408075803,17.148361814099847,82.87478006858669,-3.5641493197648817,1
2023-01-09,Lake of Rage,25.705517680457064,62.18170547772943,72.89797987485201,26.55257446687689,0
2023-01-31,Fuchsia City,31.883722147933263,-55.3115164581562,85.1884664604793,19.15677102817779,1
2023-01-14,Tohjo Falls,29.6495699459966,-3.7232816893142022,71.82396911144369,18.10008608447361,1
2023-01-01,Fuchsia City,24.892345600349778,12.219177237827912,76.29435228457845,14.210490280365907,1
2023-01-02,New Bark Town,35.32430349764448,-3.2912532118124105,42.71714710843658,10.911100767252568,1
2023-01-19,Tohjo Falls,34.17907164974533,50.115312253469305,62.57897869581427,18.388073056734385,0
2023-01-30,Ecruteak City,37.971944163933166,121.0588562905321,81.45150512942723,13.824024084527947,0
2023-01-19,Safari Zone,18.738885895854864,-71.73356465846265,60.42374378223668,-1.130176376121522,1
2023-01-28,New Bark Town,10.308394174962965,-10.741182486708125,94.45818506947151,30.891211888827428,1
2023-01-13,Violet City,26.014901291847174,1.3477818825919847,70.49258825039831,0.7659865826298464,1
2023-01-24,Olivine City,22.27727642821733,13.274469205309986,66.49123926221532,13.998092746145032,1
2023-01-25,New Bark Town,36.303032457078295,24.213028038155745,19.96769871790155,30.012888281282557,1
2023-01-11,Seafoam Islands,26.365288863063387,20.2533153211589,100.47114687316335,17.56912458096221,1
2023-01-21,Saffron City,26.612655634826318,42.402310659943964,50.52426708342726,9.010497853180821,0
2023-01-19,Cianwood City,22.58893188367065,35.78305260215681,58.11629091495101,19.287178078051653,0
2023-01-09,Celadon City,29.67037902211339,77.88012388944873,65.03751665084405,-8.924561928485394,0
2023-01-24,Pewter City,21.27206621833219,88.20025270860027,88.05924490211032,14.459392331489944,0
2023-01-17,Blackthorn City,25.52551084789033,37.909988764065076,86.90509156540247,8.401029497780858,0
2023-01-08,Lavender Town,20.75354466500481,57.88927648070402,75.72271155882933,-0.28666820298816376,0
2023-01-25,Pallet Town,26.345471559368608,21.011810133383207,73.5712187545607,3.1400323377548798,1
2023-01-27,Saffron City,23.20766056226477,-16.409875414592157,52.37878899109037,6.2916194904251075,1
2023-01-06,Power Plant,19.301850342892894,18.814628923161017,42.24123429497586,17.967553946111632,1
2023-01-27,Seafoam Islands,19.878023684068893,36.9321373690744,67.73001566271637,20.038728290431084,0
2023-01-15,Mahogany Town,8.303833056903903,17.216678752349686,57.803231505508066,10.647960984822877,0
2023-01-27,Blackthorn City,17.026248908317093,-47.13886305307627,59.71135358359001,-3.2743065916150567,1
2023-01-11,Whirl Islands,21.83544755960291,5.082313784343711,66.74285668622475,10.901106085864464,1
2023-01-15,Seafoam Islands,22.485751598923837,46.465655107931376,76.1996187997071,13.649411313938598,0
2023-01-16,Blackthorn City,22.168394439430088,40.704743219509396,121.6540871276131,4.887109842218901,0
2023-01-22,Ecruteak City,26.952628714136257,30.004205353251805,51.44285579061971,13.32247584626031,1
2023-01-23,Tohjo Falls,19.00911889752493,43.121803273859555,45.30820894546819,-5.275056826429127,0
2023-01-30,New Bark Town,23.18631094000506,-28.51561040863491,44.292972475682056,35.88769911475721,1
2023-01-26,Viridian City,17.007516979399856,-7.75781444944278,57.7381434279402,11.307728209764294,1
2023-01-12,Seafoam Islands,31.49514833043995,176.55892394460068,49.85009265135347,18.050121363713743,0
2023-01-21,Blackthorn City,19.550532890588727,-15.057440891344207,59.014635019661156,18.60437196682882,1
2023-01-08,Cerulean City,24.507978813227375,63.77133667845684,51.87665755927195,13.557220447068222,0
2023-01-16,Saffron City,18.629682546976966,50.27965412406941,49.14941181434221,17.675462901494505,0
2023-01-06,Cianwood City,23.35251479529759,-1.1519676475433869,67.8908929879812,-10.010875322488713,1
2023-01-22,Whirl Islands,21.340271379294855,63.04532506930201,74.81498060509018,29.023145276176116,0
2023-01-20,Power Plant,17.727576007922153,71.8645833831228,85.70139647475446,14.671376890221612,0
2023-01-24,Ecruteak City,29.604214641393455,-43.01705401882735,80.09553272201336,10.28797084497472,1
2023-01-13,Saffron City,18.615062354377457,16.678599817254007,83.05910310230087,17.83901228304599,1
2023-01-07,Mt. Moon,28.37190998215285,-7.603235021497518,61.82714169549875,3.8399344339432453,1
2023-01-06,Blackthorn City,29.85068303494521,-44.21240396047446,34.92002948280354,15.60846385299299,1
2023-01-12,National Park,20.878033046575087,5.466933525283176,86.75634844058953,20.574481981954015,1
2023-01-02,Power Plant,23.661410350591915,-108.05880459430665,65.85579218710787,28.09765099964612,1
2023-01-16,Viridian Forest,18.630943448490072,26.354295678370224,85.44929949848999,6.9681623484431805,1
2023-01-19,Cherrygrove City,20.73762904848968,45.814564691447245,72.83796119150524,11.336008337872371,0
2023-01-12,Ruins of Alph,15.244432073148525,-30.87781580077997,68.40237252603775,9.107039592277278,1
2023-01-26,Pallet Town,28.495075829636484,38.6949466870207,97.41035366483081,19.208714292230336,1
2023-01-20,Mt. Silver,22.029192134964305,152.0547425174883,77.36945666856278,27.569759906109226,0
2023-01-13,Power Plant,26.263319668526794,44.762269263560945,92.4344664842465,14.518093984434898,0
2023-01-24,Tohjo Falls,19.781074352200523,39.72097513264968,45.44124536228904,14.435202956474155,0
2023-01-17,Power Plant,22.15458939618376,-5.75967730620237,98.8560550791352,4.501952514172443,1
2023-01-11,Celadon City,25.37739307297508,32.91166889690971,64.12272880489313,27.245265695192675,0
2023-01-15,Cherrygrove City,26.771305074202566,17.572547126342187,59.906396326279264,-1.837460133038455,1
2023-01-25,Blackthorn City,27.49027819918999,118.63367398852213,48.13528387174642,25.464439873227015,0
2023-01-14,Ecruteak City,24.40066289428079,120.76436801561586,33.96047173936297,16.235577551163807,0
2023-01-06,Mt. Silver,27.60266809024327,-10.792709900246237,68.77149433339359,-0.4595721740803924,1
2023-01-06,National Park,22.81088871244124,30.226487934479216,61.905992519931885,16.391444675005253,0
2023-01-19,Goldenrod City,24.948422459542655,-47.11116818692787,51.56114675971966,16.103356580285723,1
2023-01-13,Cianwood City,29.563287403147427,61.876790467633164,64.64355672642651,11.71055609834821,0
2023-01-11,Pewter City,32.00065953087591,-7.17935399189021,47.055137805017495,16.915654810818786,1
2023-01-18,Mt. Moon,31.217955888147173,73.35397856894664,44.195101012228946,9.03299700820407,0
2023-01-12,Mt. Silver,22.627633404338294,-75.13640202516964,53.73797132931229,10.952191646300886,1
2023-01-02,Lake of Rage,26.30783355468028,-41.221547316097336,96.67809496976177,8.188101621066727,1
2023-01-12,Cherrygrove City,25.86956881255333,-33.83292812214883,65.06988895569108,20.954619675716987,1
2023-01-21,National Park,21.0396987126303,42.55128349807142,79.07911723499791,2.4627818474590413,0
2023-01-24,National Park,16.283718844316653,0.3390396547260597,59.05154303301973,23.244291636401336,1
2023-01-01,Blackthorn City,16.009257188351423,46.857863132637426,71.78661361299484,8.672557527276666,0
2023-01-26,Cinnabar Island,28.649004564655524,-20.7830372095458,53.60440766074658,13.47442046234212,1
2023-01-15,Whirl Islands,25.287707555981243,58.665494640476474,66.4329581666439,16.45395766093474,0
2023-01-24,Celadon City,33.69587640950974,97.5723128971953,80.60601542698785,13.735713835493208,0
2023-01-28,Viridian City,27.88927539885782,-65.06837310992202,53.206839731304974,6.947709568227452,1
2023-01-06,Violet City,21.92610399174577,99.11808430080782,44.91456197798547,0.23035728493882957,0
2023-01-17,Mt. Moon,36.54957710616418,47.59863649902402,61.46251637595649,14.423244481167686,0
2023-01-24,Mt. Silver,32.201134418470666,145.15746466646286,62.73597965323973,24.10487862710865,0
2023-01-14,Lake of Rage,23.520046777458866,-97.1343623474796,61.733892567118914,10.789760119171174,1
2023-01-28,Blackthorn City,10.917967634328042,-14.702727603371509,46.80914041251073,9.825191479306874,1
2023-01-27,New Bark Town,30.38155954111461,85.35356713217047,90.8419124488377,13.162878692224634,0
2023-01-16,Ecruteak City,23.58845750449573,11.956751276079695,40.473820657191474,6.5311431913209095,1
2023-01-29,New Bark Town,16.32174541725291,36.385981979038185,55.1533030001616,32.68781766698627,0
2023-01-01,Cerulean City,15.779597507722272,44.08984508995719,76.80034415240645,3.020774709193457,0
2023-01-31,Cinnabar Island,18.90744435106241,143.75925723336343,34.65385107577559,13.404457852933623,0
2023-01-23,Celadon City,31.32736317920278,17.22256235215302,76.64984977080904,13.765350456844182,1
2023-01-12,Viridian Forest,31.31453691012626,-24.239615100155522,93.25410226576743,27.8775151189531,1
2023-01-21,Lake of Rage,23.311472924894755,25.17957818492908,60.8810917087739,21.033920235650825,1
2023-01-17,Saffron City,28.4842380056281,125.01119223501277,51.840120407334716,14.037416444480318,0
2023-01-25,Whirl Islands,16.647924741774457,-34.35695477466332,42.878803289301985,17.914984936740943,1
2023-01-09,Mt. Mortar,21.4027745538491,53.57278675389513,49.51482123377007,22.5798681337599,0
2023-01-07,Mahogany Town,23.747097564085017,-48.737726353387266,62.53130358814353,16.12563518467892,1
2023-01-04,Cerulean City,42.594764968358234,73.29547610229633,89.12350997714505,15.364647022074285,0
2023-01-12,Viridian City,35.58077698448334,134.9022913848536,58.29159523190597,2.075472237958561,0
2023-01-27,Vermillion City,27.381650259879027,-83.0274889859675,74.29272405055997,15.731225876951067,1
2023-01-05,Mt. Mortar,28.063351251441087,33.980139668929745,78.76655073913503,1.2289174934614877,1
2023-01-04,Tohjo Falls,25.66136306082306,57.386505637514105,61.49403645471369,22.98897038407491,0
2023-01-02,Fuchsia City,17.3693328520739,30.94545866808486,63.25693394137419,-3.8246239211586524,0
2023-01-10,Viridian City,19.600053681583624,32.369064315582534,80.5292678893854,16.695881376136235,0
2023-01-26,Ecruteak City,16.908850403579812,-31.0052107063782,67.05865956840988,24.752346744017647,1
2023-01-19,Mt. Moon,15.572789225934757,45.53411611358265,81.32101914866146,10.50921340985128,0
2023-01-23,Safari Zone,35.20832817239319,-43.44810360905138,88.07468542915068,28.605158635980388,1
2023-01-05,Goldenrod City,21.9043917566855,9.032555566318656,57.07378084279331,1.701657672692134,1
2023-01-19,National Park,25.96084847489497,2.969797764132746,75.3093417779342,9.97127362665667,1
2023-01-18,Safari Zone,31.11943980768327,148.0643203230295,79.4010571301166,1.1009094268227084,0
2023-01-10,Cherrygrove City,17.556306297656278,72.82236691428143,72.29714989010179,25.08973114292261,0
2023-01-30,Violet City,30.457045186039117,39.08618391317766,45.467429993474745,30.634343005590182,0
2023-01-01,Tohjo Falls,8.704451866551153,28.902192687382126,59.82193012909666,2.458039407248494,0
2023-01-17,Viridian Forest,20.724950484059832,64.13004049362448,73.48016248715324,9.781535287565978,0
2023-01-29,Olivine City,28.031155082323597,-7.297065196198712,89.77847316788123,0.3796885788965074,1
2023-01-13,Lavender Town,20.108004563835188,36.12772129763975,77.04930361603117,19.035781735895362,0
2023-01-30,Azalea Town,25.347968396093243,44.30840650104453,80.74935385567471,17.513834214939834,0
2023-01-20,Whirl Islands,19.712437576444128,-4.264007133808143,85.83277672484927,13.38201297633636,1
2023-01-17,Whirl Islands,27.93365924306814,126.85886405617329,64.09627794472296,19.8831758062761,0
2023-01-10,Power Plant,29.645395524872264,-20.733067937797415,58.203062814402394,17.10808311260169,1
2023-01-10,Violet City,17.87639483157854,22.203458492733446,60.44130057714877,19.29118181047501,1
2023-01-26,Olivine City,24.33209190823304,-47.29137927198731,96.05914003019072,9.489615914588327,1
2023-01-12,Mahogany Town,19.847731185115855,34.49733510646543,28.471926755366276,6.0214556072543575,0
2023-01-27,Lavender Town,21.10483323090812,-9.859235415047955,64.32977934442123,7.3560056033639505,1
2023-01-04,Mt. Silver,15.521423503916024,6.1378949528334985,60.407252641387515,28.14297945259679,1
2023-01-21,Pallet Town,23.121117450163627,40.93542968160976,69.97348467293494,6.482684017534758,0
2023-01-05,Power Plant,25.50988440789948,-28.79519501535744,75.10491975132413,5.531387724620467,1
2023-01-16,Tohjo Falls,23.673694466960654,-9.707095973232711,76.57448156695308,22.727277662713014,1
2023-01-08,Blackthorn City,14.180234478783323,10.383276056090676,77.92543614920139,20.07609563287002,1
2023-01-24,Mt. Moon,14.014642550338252,-7.761682316403508,61.80942562611687,28.15447863451513,1
2023-01-06,Lake of Rage,25.7231238434183,-2.0418560060582216,97.1524638354993,36.799800831318606,1
2023-01-03,Pewter City,34.67297556143741,-116.51830143913723,56.87039874521445,29.536027246054843,1
2023-01-08,Safari Zone,19.673489937848565,20.962369266928313,68.57394440096657,13.638887568527085,1
2023-01-16,Lavender Town,21.972229821715402,27.11565496539788,70.84244483304202,11.916711553818772,1
2023-01-08,Power Plant,19.240068909293914,92.92773904495733,61.29729504075045,27.840836017585538,0
2023-01-15,Blackthorn City,21.83293565452579,-13.274105718763487,80.77398303352781,12.939906515873178,1
2023-01-29,Lake of Rage,26.469147974891452,139.74714412919138,99.59473167909923,15.921121212016676,0
2023-01-08,Mt. Moon,16.994750098068995,0.45685406376596305,64.11865099149728,3.623286155958457,1
2023-01-18,Whirl Islands,18.961301532346972,-25.202494702580104,67.99349228489643,17.254098806653396,1
2023-01-29,Pewter City,26.408740003689957,64.5706859144912,26.185710884879725,17.706271018787515,0
2023-01-31,Cherrygrove City,29.076426815563906,-0.7491189125518574,81.57123790605834,10.524447262379056,1
2023-01-10,Pallet Town,23.1554549021497,-33.48877500726264,57.237135164730816,27.274303288819063,1
2023-01-26,New Bark Town,23.622052992444452,24.74062375534055,55.37754570223422,8.08061037791408,1
2023-01-21,Seafoam Islands,26.1375853815439,9.244436993179825,63.434789377725515,27.59071101090269,1
2023-01-25,Mt. Silver,20.017478458434923,32.52270986076228,47.084443005034075,30.577401001160432,0
2023-01-05,Seafoam Islands,23.411063498946,32.838107107191746,72.09926500904842,6.573972732670577,0
2023-01-02,Azalea Town,29.385173611901983,12.410313911750588,76.184862733921,13.980483932472243,1
2023-01-20,Violet City,26.383884116218322,-33.735423468966616,42.818985796517026,11.808857942439145,1
2023-01-17,Olivine City,15.158056048670733,15.680335883405784,94.29821345321736,26.095491328943197,1
2023-01-06,Fuchsia City,15.286501274496837,17.068634141789108,71.08305810452612,7.662637684192828,1
2023-01-18,Cinnabar Island,28.768256629272514,-35.04657514879302,60.53728807187903,2.465892263302596,1
2023-01-17,Fuchsia City,22.25388645240758,129.72153110385545,47.17853314579951,6.5855244285273224,0
2023-01-03,Fuchsia City,20.394127300180514,29.887064776699038,57.54507790377565,12.863578545347623,0
2023-01-21,Cherrygrove City,32.148417813030896,92.9903387575815,59.303011905484674,4.171761548316601,0
2023-01-28,Cerulean City,22.278242997211542,-34.6410803001865,74.80542674167849,22.774751305474645,1
2023-01-14,Olivine City,18.00294500151894,70.47075231468831,80.762032874107,17.06114641756116,0
2023-01-20,Goldenrod City,24.950543926438957,50.49952557129208,57.93470096416206,13.427038776060064,0
2023-01-28,Vermillion City,27.897957115086996,86.25105652896644,62.80843627190619,20.995765229119264,0
2023-01-05,Pallet Town,22.74597156231979,-40.82991710633915,53.59620957994729,22.350479226850986,1
2023-01-02,Cherrygrove City,18.142646520242494,-41.1366111315463,48.09521603304037,4.704831830838081,1
2023-01-10,Fuchsia City,29.950771983951373,3.4665297829735557,60.71151184997816,21.874881090220146,1
2023-01-04,Safari Zone,26.9308734681048,69.17189442568397,37.55872474789051,29.065870298900293,0
2023-01-18,Goldenrod City,21.377635310658718,43.55745474279564,66.15094356920524,-0.4375635924495658,0
2023-01-07,Olivine City,27.734066573095355,49.81632180159204,50.72681307513955,4.208084936305621,0
2023-01-16,Goldenrod City,27.211057633097703,34.1046612344926,33.49701549654598,6.251016865448759,0
2023-01-18,Celadon City,23.524176413972395,-17.990473688456444,93.2810583469933,6.497968790023045,1
2023-01-16,Cinnabar Island,30.109015073979293,16.735677289369733,77.99844742418225,19.933588966013616,1
2023-01-31,Viridian City,21.364457934511318,24.647392960479166,53.029610690048095,3.091759866999178,0
2023-01-26,Cherrygrove City,21.3036023031406,54.57773829358279,82.99889258237138,20.469923717670802,0
2023-01-25,Goldenrod City,22.926646847628184,-40.95638963170555,53.42216654824606,26.146487326589728,1
2023-01-11,Blackthorn City,16.848598101626784,46.14624031044643,54.30036530298308,-1.4213517164941347,0
2023-01-13,Lake of Rage,26.32906714867873,67.13761023345424,75.53818433514141,22.18475717885635,0
2023-01-18,New Bark Town,17.536666743879607,-20.436856033008326,55.73401988397167,3.1778056406742063,1
2023-01-22,Olivine City,21.938662368385817,80.90509241175707,109.89450159408301,14.029897743636361,0
2023-01-18,Ecruteak City,32.29911278297986,31.395788220139227,59.023377656780355,13.47211336213246,1
2023-01-17,Ecruteak City,31.464269748697618,-95.75941831330222,75.70194824373691,11.236981137711176,1
2023-01-07,Fuchsia City,22.047648248006688,-4.4263315975608215,58.720430439050034,14.46077125919481,1
2023-01-29,Power Plant,28.22952333122126,69.54652727729348,61.28342702068674,20.644737295523743,0
2023-01-19,Celadon City,9.678232262801336,28.400555400994833,116.6413809628192,12.894934903843655,0
2023-01-23,Ruins of Alph,16.94574517066732,23.545080573359947,66.18319765980827,15.105804484772735,0
2023-01-06,Pallet Town,32.858398550268326,96.12274636605721,66.77531139656995,9.42574323892302,0
2023-01-10,Ecruteak City,12.990705998992915,1.5340219201032195,72.99434038016864,12.567539555632218,1
2023-01-18,Fuchsia City,29.62368654018721,-63.50780937729708,81.76583335254452,13.551846942558594,1
2023-01-15,Pallet Town,27.45006681310368,5.079637550645874,36.88132897089935,31.95625872035177,1
2023-01-25,Saffron City,29.04203278469745,34.84593068282662,71.50957283012369,20.903991444113085,1
2023-01-13,Fuchsia City,26.95600696456226,31.02589149008282,93.09551724055335,7.752930709813404,1
2023-01-05,Pewter City,31.024541629759682,48.9906321975415,82.28061793175564,18.803812718318675,0
2023-01-06,Safari Zone,27.571624220515876,38.941654815885656,48.07211034487537,16.314013717103464,0
2023-01-13,Mt. Silver,26.380716824438586,-2.925953679330199,82.22424776625006,17.36823215351061,1
2023-01-23,Whirl Islands,14.164371366993802,-25.426466552575196,48.60607425721457,12.28486322326629,1
2023-01-19,Ecruteak City,14.63054085954736,40.48425518564797,88.83149104438628,34.22785759591047,0
2023-01-16,Celadon City,26.618769108830023,0.7257365614623694,57.92231653397091,0.6534526579130304,1
2023-01-20,Safari Zone,24.58672756083882,-22.068130848368742,56.11087097220969,11.916289536096675,1
2023-01-08,National Park,29.743441587442845,-144.52046185291783,53.95989764551789,-4.679657775454372,1
2023-01-24,Mt. Mortar,23.882658740285528,-55.69400881601849,75.84596823250604,0.6839389987171103,1
2023-01-04,Fuchsia City,25.11451705852393,-36.2588936940746,49.87091284685632,3.2722115586302074,1
2023-01-06,Whirl Islands,15.872840375456825,66.27699435635651,45.892395800395434,26.171710973753953,0
2023-01-18,Cianwood City,32.93155687557395,37.33426446045661,53.56391839400457,18.32021584494135,0
2023-01-08,Mt. Mortar,18.62841691259053,-3.7303195864173837,81.89947905400797,8.267913097716903,1
2023-01-01,Ecruteak City,40.038261940385325,-221.915728549118,80.98553980728907,26.108835143829836,1
2023-01-01,Vermillion City,27.244642939718187,-14.823946895934878,66.22774679053227,13.21307688237019,1
2023-01-15,Lavender Town,25.671298926480162,42.88726429973792,15.776211319237397,9.641619782804765,0
2023-01-01,Cinnabar Island,18.07881026008676,46.01315739875258,53.401850619206165,22.82069479763136,0
2023-01-27,Ecruteak City,20.571656130360264,16.537998587758096,59.13645674910209,18.374339460211885,1
2023-01-03,Blackthorn City,16.76426609717751,2.7412503174658926,33.25945910497545,23.588395656094093,1
2023-01-22,New Bark Town,22.943131180350715,-38.20520907279587,47.08407686585501,-7.083022595219278,1
2023-01-05,Vermillion City,28.171072262812583,3.4584604611333525,61.312138516975246,20.28968472999625,1
2023-01-24,Lake of Rage,18.178190061198087,20.953559006731922,72.45404671960742,16.701187556401116,1
2023-01-31,Mt. Silver,19.178264996079843,-3.5635942643267207,64.9565350793344,3.5041052816069342,1
2023-01-11,Viridian City,24.215858828669187,67.9784812796839,73.95594569439876,9.898082003686358,0
2023-01-24,Viridian City,16.35639271571279,40.40771122678111,80.25247830768018,25.015594311979,0
2023-01-18,Ruins of Alph,27.51272619365219,44.94046555240486,41.90456660287533,14.632948695042826,0
2023-01-14,Goldenrod City,23.044187923852736,60.55757493188477,65.21620990207492,12.09727522756059,0
2023-01-03,Viridian City,22.15939036202305,82.20005085309462,59.42878061748201,10.611033297766093,0
2023-01-12,Olivine City,32.0900943400736,117.29193057476834,36.242331843567726,22.60892506973179,0
2023-01-21,Cerulean City,32.135235958937805,82.92530559609858,42.444157900384475,3.8881074904473625,0
2023-01-22,Mt. Silver,35.049812059946134,-52.66148891150742,62.86424879579002,14.115274014110545,1
2023-01-08,Ruins of Alph,23.999380859568014,40.595643704266855,74.68197653832375,14.60439765180432,0
2023-01-29,Mt. Silver,30.60102700726965,85.63691085940302,94.36339530355978,12.575927053865994,0
2023-01-11,Cerulean City,27.27621153585889,141.47444750466843,67.68202028968197,10.531695868725294,0
2023-01-27,Mt. Silver,28.682147058168518,158.89556578238083,86.01488893683998,17.963782247979086,0
2023-01-11,Power Plant,30.150179839140122,51.44498591676607,94.72454591161227,22.263531234595185,0
2023-01-03,Cherrygrove City,19.242812766614264,24.541134290906157,73.16675630398753,-16.927523436485167,0
2023-01-09,Saffron City,32.309666447638726,92.65647082272382,94.07022391913023,13.701659044674324,0
2023-01-08,Lake of Rage,19.2965587456536,13.693598450381081,87.52500161375902,6.709797196765697,1
2023-01-11,Mt. Silver,20.978745469421323,34.457260255877856,55.77751388365011,9.09185470292168,0
2023-01-15,Azalea Town,11.02290149494156,11.456711927244843,92.60360089466707,9.242171046830464,1
2023-01-02,Mt. Mortar,32.627319458532924,45.37308586764013,90.29207359785141,26.276392657696825,0
2023-01-09,Whirl Islands,22.369239491945397,-7.076359020517199,78.04776308724944,32.8760308266846,1
2023-01-23,Power Plant,24.640097854252137,46.97362414368476,60.787605609843126,4.353457794543909,0
2023-01-30,Cinnabar Island,24.024790838447664,35.54934340929651,66.93061189726379,-1.1288503813112172,0
2023-01-28,Mt. Mortar,25.42536262940275,57.16545395544505,21.865450042179397,18.213343050721573,0
2023-01-10,Whirl Islands,19.439507337484642,141.85771805425406,63.772964611366596,5.571843401021503,0
2023-01-10,New Bark Town,24.248579972043082,68.07674561928046,69.95266926530086,18.334113446467473,0
2023-01-10,Cinnabar Island,19.336299720790855,-20.604945896006726,66.3746572733307,19.465688476082967,1
2023-01-22,National Park,31.610617408179213,-61.80028387812017,40.97359316345301,34.066056268002086,1
2023-01-30,Mt. Mortar,24.55421835336089,4.65436635259163,56.4375526360064,32.2684293708918,1
2023-01-13,Viridian City,15.939087960592124,34.074971771650226,28.680602081588965,37.30211236168266,0
2023-01-01,Power Plant,19.597406937195597,31.475108394611894,54.91253120571362,21.92774238772759,0
2023-01-10,Azalea Town,33.86963434908018,-9.360676622812058,75.10429622049682,15.974591144911017,1
2023-01-24,Fuchsia City,19.24654424659778,-35.46634186820209,66.32038515653927,16.227293878416738,1
2023-01-05,Fuchsia City,25.087177144287807,91.3063460618893,47.28963907063972,16.50425042364554,0
2023-01-04,Olivine City,22.332544482715043,-0.5435146242856206,78.477752645289,25.578306475354772,1
2023-01-06,Goldenrod City,23.779374097958982,43.50280977916592,53.46482313473222,19.139831075525606,0
2023-01-03,Azalea Town,33.16570293646839,45.78460494680385,69.87835605252093,20.377810203798646,0
2023-01-23,Cinnabar Island,26.760877758935685,-35.43608102097563,61.84232248832075,5.159007078262773,1
2023-01-06,Olivine City,18.262848935228114,30.796793725804015,40.77349691574727,11.820720783748776,0
2023-01-02,Tohjo Falls,13.37285279539411,45.577899382749195,72.44003054187432,16.065140566646075,0
2023-01-01,Mt. Moon,27.329091161163483,-46.086889999084285,72.23014434706594,18.19738159206466,1
2023-01-13,Pallet Town,21.98979585901124,7.450070774515559,73.1736062417487,0.5424530385583299,1
2023-01-18,Power Plant,22.432395423163975,17.333796364316708,42.694335768180665,20.322807328118675,1
2023-01-03,Seafoam Islands,25.72098701793366,74.94743673488287,68.33550832355517,10.68577762225111,0
2023-01-04,Goldenrod City,26.832324627901613,1.753870113680982,50.932522220691496,13.730214122710114,1
2023-01-21,Mt. Mortar,22.170096327627622,-3.394962924536653,94.47308357359563,19.360724417058922,1
2023-01-29,National Park,24.87530469688857,19.12439479641715,73.85646297025383,0.6700736707667954,1
2023-01-25,Mt. Moon,22.27286567202661,-6.609055717560135,54.15790289564873,20.6026246430853,1
2023-01-08,Celadon City,20.343564273912097,25.86164539852828,71.10798256155583,19.30218500680406,1
2023-01-06,Viridian City,27.178110850101156,-23.970034427705578,81.07407231687128,14.729685483828892,1
2023-01-04,Blackthorn City,8.742793491135634,13.44395269935551,71.99103442406332,3.7774562502021,1
2023-01-31,Cianwood City,25.32750733833431,-26.748169705477824,53.506582262831756,20.280427565205887,1
2023-01-27,Violet City,28.712078477733836,-22.09085518751002,77.04835689817793,3.2630380837485795,1
2023-01-21,Fuchsia City,26.365358012071532,101.86408241886662,64.51935803245176,7.057945905529892,0
2023-01-07,Cinnabar Island,43.282022877254015,2.217008620800385,79.39738598523178,15.355350609186774,1
2023-01-01,Whirl Islands,28.6649601206936,102.35438576561143,61.41116469322104,4.496782808464756,0
2023-01-12,Pallet Town,34.47331373291972,-89.57721888269971,80.96931810155775,18.708217829047616,1
2023-01-18,Seafoam Islands,16.98625948537822,-20.27082070947837,72.08004362628454,8.15461709126365,1
2023-01-02,Celadon City,28.096801187689675,31.610864656552344,41.78373549071962,4.4510349770753415,0
2023-01-01,Cherrygrove City,12.855717995288856,-21.55883981784428,60.01572870220764,9.162824066704875,1
2023-01-02,Goldenrod City,24.884909293849805,15.680462633063518,41.130914997507844,18.06371003135237,1
2023-01-13,Celadon City,21.891781845318462,4.623559524105186,54.46246751098749,14.972222670730163,1
2023-01-22,Azalea Town,19.010621380731212,-12.610104784562367,61.29297219662019,22.95308629356849,1
2023-01-15,Cinnabar Island,19.198835569659522,34.96869801828039,41.94207978763724,16.462537313134046,0
2023-01-27,Tohjo Falls,30.52296951822195,39.03633609697414,84.67607675521727,17.9498965593764,1
2023-01-09,Ruins of Alph,29.32910099249839,17.39681614197778,55.311890145011475,17.576489552327338,1
2023-01-16,Pallet Town,17.88340884376379,29.875104982611347,38.79385901929791,14.705521654605606,0
2023-01-24,Violet City,22.547600424723893,28.657596966698122,56.830825940653355,1.6998375015152192,0
2023-01-27,Azalea Town,16.00253328576987,31.46254842844678,65.37503833979142,10.747495970731281,0
2023-01-03,Mahogany Town,22.407207344281478,-54.126437362683006,86.8925120113551,3.5813634259989335,1
2023-01-24,Azalea Town,12.458523877312524,35.42892202563113,54.920908850736275,29.89407389606224,0
2023-01-01,Mahogany Town,18.6003831198734,72.52152012869041,73.42495272880058,20.326661058108815,0
2023-01-16,Pewter City,19.855239327260115,-68.26819200528524,37.019897469317485,30.47705106569863,1
2023-01-26,Pewter City,35.5319062066271,-10.675635091422535,74.71001864240463,11.583335558445919,1
2023-01-29,Blackthorn City,27.427118798726767,1.7610120650494672,70.95516870363103,27.889997474082435,1
2023-01-30,Mahogany Town,23.3461903890081,-19.096544419947058,77.35001941420181,3.2480490494749237,1
2023-01-21,Ruins of Alph,18.016456011965634,45.718595062050824,45.05175505200586,7.626057637651934,0
2023-01-06,Cerulean City,20.27131781932806,48.3217333946569,74.37220265525323,32.64019180803153,0
2023-01-26,Mt. Silver,8.514164263990597,11.781591735416356,59.31888574071875,28.442499892564317,1
2023-01-14,National Park,24.673623482776602,76.65363978303583,56.913000068829135,22.137373245639385,0
2023-01-05,Ecruteak City,12.280192568180732,67.15506368555347,57.94796630636636,15.214619873818716,0
2023-01-14,Safari Zone,22.915372852638974,-2.6155009939824545,68.96066582696908,27.898258149765784,1
2023-01-06,Mt. Mortar,17.985652706562732,-12.86775106689279,85.83927444222716,9.579632073103696,1
2023-01-31,Viridian Forest,19.271701942663743,9.044407670139686,50.43478855868586,6.609499960307033,1
2023-01-03,Mt. Mortar,22.558152968663244,30.751113894766338,49.72239565660994,18.272039404575565,0
2023-01-24,Safari Zone,26.99207421979903,61.49149083148406,61.17351410439038,11.194381392967497,0
2023-01-23,Lavender Town,21.867696817387632,69.89895189743211,59.806356327988276,23.651156054545588,0
2023-01-04,Seafoam Islands,20.01000733342744,27.98053374067446,76.1435569023322,8.640085328671727,0
2023-01-25,Celadon City,17.7071527095453,-37.34743282069451,83.8685106594654,16.554300815267087,1
2023-01-20,Ruins of Alph,19.793020765543893,24.16973790849496,74.8149736077657,3.4462474381022634,1
2023-01-05,Azalea Town,25.542150442474515,69.95685740441624,89.0479362588897,14.870024345089211,0
2023-01-26,Mt. Moon,41.77100441626466,136.4014750179791,89.44094369622735,5.206949777664978,0
2023-01-09,Lavender Town,22.67034785921237,21.859540844860874,59.166774685769035,13.284091089346232,1
2023-01-08,Ecruteak City,20.745520177390254,77.87671074962782,95.04582608833402,3.6649293163489585,0
2023-01-18,Violet City,33.06590364254468,100.37021251881468,72.66099616198068,-7.418337188509986,0
2023-01-22,Mt. Moon,25.143289442036977,34.395063352355315,39.841530157126364,11.818520878308197,0
2023-01-26,Viridian Forest,35.80165101408862,-6.547321029337667,81.71179637193997,10.23141171595806,1
2023-01-13,Tohjo Falls,21.36269142715228,35.53884289611258,81.4002208302205,10.734577281176271,0
2023-01-03,Olivine City,21.887818380153185,-39.109734378848,65.91588762875953,27.14614942525204,1
2023-01-21,Violet City,23.733455231033798,14.719231810475852,46.873234169833964,21.429029910604754,1
2023-01-31,Tohjo Falls,24.185305358218905,37.90236648439954,68.28624842310357,26.061501472992887,0
2023-01-04,Viridian Forest,17.41567859478006,14.63886297494263,50.53774694680702,24.848710672902833,1
2023-01-23,National Park,31.27778099696633,85.93652723474891,62.777475264467064,2.3011887018888864,0
2023-01-04,Azalea Town,20.19363758127547,30.547179850144673,65.46439328578485,9.35939462196672,0
2023-01-16,Cherrygrove City,22.77490195917261,-61.33544278017948,49.43471918979324,15.596933274676374,1
2023-01-16,National Park,26.10286442746098,87.26720463303657,71.0859832584276,9.44466430003844,0
2023-01-23,Fuchsia City,31.529269104054265,210.75627501485656,68.82974608636079,18.099242325087424,0
2023-01-31,Safari Zone,13.079482700941888,21.89292701727142,52.9437173245885,13.747780211949365,0
2023-01-08,Pallet Town,16.957454248559273,39.557551926208134,82.90894749819009,9.77129263163049,0
2023-01-20,Vermillion City,22.048925788835152,-37.453579915777766,68.96563025058786,9.050854429169934,1
2023-01-22,Tohjo Falls,30.432235679808127,92.97358439399187,71.84565841984934,9.237931802735147,0
2023-01-27,Viridian City,25.754787111990368,30.44925020196895,78.17831277629422,10.161933417069386,1
2023-01-24,Viridian Forest,27.668250861613117,37.28055999575282,67.58286679165339,11.917220884032607,0
2023-01-25,Pewter City,19.31046820856498,-32.86442798661558,91.57094321625152,19.509158821468336,1
2023-01-14,New Bark Town,35.81543975480504,-82.36479839632673,65.8836490693041,31.601640370770156,1
2023-01-19,Power Plant,16.98793868555965,68.39650177202573,80.83100237261617,15.79323356643278,0
2023-01-28,Azalea Town,18.73733224652178,37.066647430245574,57.51328593070242,8.98752078900064,0
2023-01-22,Ruins of Alph,20.15133245889801,18.750707782085364,71.62367867734208,-10.79289974752574,1
2023-01-20,Tohjo Falls,30.06680074574546,-52.0826908632476,64.99211172357444,6.563324784137824,1
2023-01-13,Ruins of Alph,20.67443126701193,41.1824018020767,45.048467540351,14.428672846051183,0
2023-01-18,Lavender Town,19.186658413581934,-81.0961265242581,67.81841079842644,-6.739921281153476,1
2023-01-31,Ruins of Alph,21.658126563911736,34.4274628626122,64.35008108282345,17.033725415299035,0
2023-01-30,Pewter City,24.007183338226657,53.52558249989488,43.73847629919807,15.430817697266157,0
2023-01-03,Tohjo Falls,31.30735303557281,131.75172098143474,78.96776125628249,7.949034923948164,0
2023-01-12,Whirl Islands,35.159058497441976,155.90087850813765,57.89343774049424,16.439416823722418,0
2023-01-26,Violet City,23.55595817830379,88.315683213531,59.65659667622036,-5.970947570408198,0
2023-01-26,Cerulean City,28.32883939677623,-53.06873640322728,51.26465979162104,8.817572436069469,1
2023-01-23,Pewter City,17.121907592740172,22.53264505455988,70.78092512741057,5.589577551628535,1
2023-01-01,Viridian City,33.42743353805318,28.605211354034203,37.652813179087545,24.486045928047233,1
2023-01-10,Saffron City,23.510540665964207,104.21360686437731,105.20146532563238,4.133972348255302,0
2023-01-20,Mt. Mortar,17.75651752984819,-4.890465306303845,63.542231364483655,21.556433539600583,1
2023-01-27,Celadon City,30.507161737547456,-23.71014874699229,78.12232582660157,-0.6020358907855528,1
2023-01-23,Vermillion City,27.590949223458026,-70.43828642898072,48.06486377979233,16.11726094307649,1
2023-01-09,New Bark Town,12.686711935790436,42.993368306620084,75.69764408336637,10.072246615707042,0
2023-01-20,Cianwood City,27.571913761626064,-21.178125760137398,49.93539330385395,17.710000647219807,1
2023-01-09,Violet City,26.96419628746896,79.63068834257089,77.18829359650266,11.746650374302721,0
2023-01-09,National Park,21.606827561597072,3.6409393567041732,62.14370184512992,0.4513244769674838,1
2023-01-10,Pewter City,32.28834464832768,16.634383447601387,43.36163644043441,15.649898719967936,1
2023-01-07,Viridian Forest,32.79575827651477,103.88508705925358,45.32905889186577,11.998630053458493,0
2023-01-27,Pallet Town,25.228696768199807,-16.985011436493533,59.91626292108864,9.152406442172477,1
2023-01-21,New Bark Town,19.6335272146699,3.2150974755918824,84.46452411236767,0.45639157924429696,1
2023-01-23,Cerulean City,28.457155597326675,16.10406097751828,64.66670894624312,7.364629634425904,1
2023-01-15,Celadon City,21.47257848510852,-18.347358225784937,63.01834761259719,1.510624220821036,1
2023-01-01,National Park,21.59649426993906,-53.30631426193459,102.37528065295886,34.17274272526094,1
2023-01-10,National Park,20.198433318687055,-41.41938324192033,75.12303891571413,21.299818336956424,1
2023-01-09,Cerulean City,6.959759589905701,39.51174943664679,73.97039076241721,11.660946795911729,0
2023-01-29,Violet City,29.6339348006698,57.39234415458583,55.975368546630996,3.1260692835127273,0
2023-01-25,Cianwood City,23.25148782401558,22.26613997522521,57.768929132144955,21.99485767649589,1
2023-01-01,Celadon City,17.59454945282575,-55.72599740639765,20.95960256540951,30.33394003513677,1
2023-01-12,Cerulean City,25.815406499331832,-54.53427128155194,60.129391418368115,-3.8231367991720564,1
2023-01-14,Violet City,33.816443210099635,-53.213341952219864,70.15545332777107,13.103314945602786,1
2023-01-22,Fuchsia City,14.01462647362133,42.987220191883836,53.72993549415773,17.74136740982176,0
2023-01-19,New Bark Town,18.747065792872956,32.20799280086331,49.51489752457775,-8.481528488563493,0
2023-01-22,Power Plant,18.699470859112168,60.09690509207382,55.25868898871685,20.962558921467583,0
2023-01-25,Mt. Mortar,19.137671375775042,-66.18991699592286,57.4105262915672,24.90150347945672,1
2023-01-08,Seafoam Islands,23.17470677269352,-36.276133426831244,50.396159959171605,15.434256317587817,1
2023-01-16,Vermillion City,30.925891739375974,115.51248705965975,63.22444469288564,7.521854775998467,0
2023-01-06,Pewter City,36.54479552900371,122.727694303132,26.291112414876338,13.964827187762676,0
2023-01-15,New Bark Town,18.869609025503166,-4.800633619978136,46.64608800687759,17.18005336411662,1
2023-01-08,Cianwood City,21.364591166447905,19.082037282741254,69.02088392155889,-7.765795751879283,1
2023-01-15,Safari Zone,31.566154325523936,-83.99124934314545,69.45917059310725,37.05215028131101,1
2023-01-23,Goldenrod City,19.847368834225303,-15.830590305511738,71.68034521303984,6.040372709754834,1
2023-01-18,Azalea Town,11.379341468686517,12.366712424416761,67.83123552452122,3.5167109083544688,1
2023-01-17,Celadon City,34.88286213742568,-18.67875185851382,45.88529654084105,9.199317137457506,1
2023-01-04,New Bark Town,20.890930140138344,29.698338275125423,62.76038956768192,7.851381756470497,0
2023-01-22,Lake of Rage,23.609659534441462,12.795529293595436,100.66626635922859,13.881824196129775,1
2023-01-23,Lake of Rage,24.146840348037596,-1.3235237090556389,72.09183006899362,10.598528791085947,1
2023-01-04,Viridian City,20.42660710254897,-16.08489592925344,55.04414137809101,26.86203400280794,1
2023-01-14,Mt. Mortar,27.179036471364096,117.75418570882482,50.747103506580416,-3.908327752594209,0
2023-01-15,Mt. Silver,18.124504466467883,19.941822285454002,60.0109048465745,12.395242952168752,1
2023-01-12,Blackthorn City,19.506832516668563,-8.212296629548351,59.46910004687995,7.0543611412239855,1
2023-01-04,Mahogany Town,25.00705426217613,27.225213144921565,46.41113671672302,12.87668651541773,1
2023-01-17,New Bark Town,21.44010400748053,5.715900774411374,60.79100823173283,9.036443885609748,1
2023-01-02,Viridian City,26.228975907852192,5.744101895716771,88.55884781090555,15.157797061742093,1
2023-01-25,Cinnabar Island,29.057853937979058,-67.413583551957,70.12721321370336,6.176715472641284,1
2023-01-31,Pewter City,21.104683636558256,69.44384446139829,38.15407726695423,28.99865846371828,0
2023-01-04,National Park,26.5579342725698,67.9739151216044,76.44035043655508,5.648078782856425,0
2023-01-23,Mt. Silver,20.78471892137768,0.76905438412874,72.89752583822954,23.779815791798026,1
2023-01-14,Mt. Moon,28.28107355726597,-136.20567832777596,70.82165620285684,29.668922848957735,1
2023-01-28,Goldenrod City,27.28046048163189,-16.565328447449104,64.75157557443657,20.88244448470664,1
2023-01-08,Vermillion City,25.551488162956087,13.530757450628727,73.80420307905173,2.014717314085475,1
2023-01-13,Goldenrod City,24.198016633989027,-34.12977658176679,114.35138581666376,19.678230309177096,1
2023-01-01,Viridian Forest,17.03671901351085,28.479734920845495,97.242167885448,15.65306618115915,0
2023-01-11,Cherrygrove City,23.391571711876434,5.690649156707472,80.97294005920905,20.382031273763612,1
2023-01-14,Blackthorn City,19.20196465153144,11.357540424887947,61.08066743471491,17.321544684206184,1
2023-01-02,Lavender Town,26.12088727501183,-13.244070275943706,54.63759673190147,3.288479528832875,1
2023-01-04,Saffron City,14.121311876549177,19.83065449167619,33.91215843124229,24.299352411423783,0
2023-01-04,Cinnabar Island,28.24631439530105,-26.481251102521504,90.22028965369488,14.92379739201043,1
2023-01-28,Viridian Forest,23.369969819691544,71.41844458391097,79.62432986911465,15.205031835012193,0
2023-01-12,Power Plant,23.84186083681203,4.125497649509395,46.95246301166671,10.248305266666677,1
2023-01-07,Pewter City,22.533221267318776,60.48682500773896,80.66807353708467,30.83268321825299,0
2023-01-18,Lake of Rage,24.533402470910307,3.8321581726268086,53.79258230717282,20.20312842636827,1
2023-01-29,Viridian City,22.24570860492876,-6.5862708060238155,50.23438824546393,20.918295342759276,1
2023-01-01,Cianwood City,17.16741256024367,0.2689222937677158,71.75314040902572,18.62635710008051,1
2023-01-07,Lake of Rage,12.486652637421956,-9.565235417305813,55.99054677075075,24.910116402795765,1
2023-01-05,Cerulean City,20.43782343794737,-33.1111449329985,53.384872106620755,26.160965056693172,1
2023-01-28,Lavender Town,24.525550900561793,94.83996133267921,54.012759342950595,17.8196570538991,0
2023-01-19,Mahogany Town,25.426936572126895,54.50679165624129,63.27811521332689,25.298995197260798,0
2023-01-02,Saffron City,28.05523905617961,35.0541310911252,36.37817203858539,11.250947654133093,0
2023-01-08,Cherrygrove City,20.428596484027075,-48.21144396942976,45.79886201866534,14.407667188132747,1
2023-01-15,Ruins of Alph,23.744145066088553,8.012434289324828,60.48062358285657,23.621198937232634,1
2023-01-29,Seafoam Islands,26.762195705527645,49.39986777507971,61.30498605842169,4.88953051781678,0
2023-01-26,Saffron City,26.235015316047093,82.17608165660305,85.28181091508623,9.94155816139643,0
2023-01-27,Whirl Islands,18.173830161418564,36.34561781937859,86.15532022098638,21.836227344933267,0
2023-01-02,Ruins of Alph,23.024791957457015,53.2955668823203,51.723401884377594,12.44401895685935,0
2023-01-22,Celadon City,26.034997744214216,-24.807279018714276,34.29379366280024,12.054873252222071,1
2023-01-17,Lake of Rage,24.94843930086183,49.225255905737725,51.31059883204547,3.032496336420909,0
2023-01-30,Lake of Rage,22.72594390463818,-18.651036647422963,51.48743714970188,10.71300813849148,1
2023-01-09,Mt. Moon,18.45747312468539,-58.38619387872667,37.51193684939642,17.095701772079696,1
2023-01-15,Power Plant,26.47698693685804,7.777449103537936,34.73202726489692,19.39006687440013,1
2023-01-30,Safari Zone,10.116546498335314,13.26708395588015,58.045684533540886,11.956457670959875,1
2023-01-07,Lavender Town,27.280233966710657,33.984382642635,83.87110930258433,19.766145983480587,1
2023-01-09,Safari Zone,18.81237626278198,20.55164163458974,63.9085108830635,4.3052716470627885,1
2023-01-24,Ruins of Alph,17.130930442755933,39.914770023268744,52.068215626796686,23.86982076097732,0
2023-01-04,Lake of Rage,27.106879424688657,67.5378573490224,69.10202211440227,18.62977316826852,0
2023-01-12,Lavender Town,22.294535949161315,61.552317314423874,64.67038663065271,18.939495682288587,0
2023-01-11,Mt. Moon,18.729890526296067,17.975238811623388,77.22570236265022,11.10948737118845,1
2023-01-28,Whirl Islands,24.94434194225052,78.27727921919009,73.14957241142592,23.854899459781944,0
2023-01-21,Lavender Town,19.41838631355792,56.34551950678838,52.57970007224599,10.338299310085013,0
2023-01-01,Pallet Town,25.292365446260064,63.12183479368155,75.98129684972331,21.037072390806124,0
2023-01-14,Fuchsia City,30.21592062433619,11.898697502532102,70.21676755903606,19.781095759271288,1
2023-01-27,Safari Zone,24.62174236360407,-14.883675735265982,87.995465251312,23.37379548809831,1
2023-01-19,Azalea Town,28.622954928455897,101.48687298416596,58.42954018400945,8.918863976279846,0
2023-01-25,Viridian Forest,27.3418844445506,-48.26510912142511,72.72623114212105,0.05834532196434772,1
2023-01-15,Pewter City,20.58084991129864,28.19743205753884,41.778730055358224,25.85595811254683,0
2023-01-10,Viridian Forest,11.783446748522213,16.00119457125718,66.58919842717046,15.938544805382982,1
2023-01-29,Goldenrod City,16.628520746372793,32.801551279867326,65.0916046712066,17.78932344159981,0
2023-01-06,Cinnabar Island,23.1768497137884,38.482078416108806,91.58558823327647,8.2930248462009,0
2023-01-27,Viridian Forest,32.63174028367183,90.17422205270805,50.23177817407022,5.933782157578411,0
2023-01-15,Tohjo Falls,19.266874873627074,39.716775942103666,52.59634552087668,3.6381615673532988,0
2023-01-20,New Bark Town,16.5054258249506,17.428347870009564,61.66214633609811,19.93321848180128,1
2023-01-19,Olivine City,24.655352215758555,82.64028095012515,76.45348736282126,19.76186920575657,0
2023-01-08,Goldenrod City,24.511950529062815,81.45783155708779,53.49169299251682,8.990708961333905,0
2023-01-16,Violet City,21.646508720304848,-23.961469762761272,52.85731685086153,9.767861053166289,1
2023-01-13,Olivine City,24.09392611901752,56.960832518690296,34.79087435865701,13.39662970263658,0
2023-01-08,New Bark Town,26.288831093998546,30.84473673447443,64.45371980440055,10.786520817954111,1
2023-01-26,Vermillion City,11.169220765788568,-22.593558023775984,32.11248908989736,18.132795634346028,1
2023-01-01,Ruins of Alph,27.72763156619744,-15.785564653687604,69.5308885062427,22.523579321415152,1
2023-01-01,Seafoam Islands,20.576566653500194,38.69599250036948,70.86865299980518,13.969551521729239,0
2023-01-30,Lavender Town,26.78243829591594,-3.7140798828813537,57.474895554353694,5.211242389104395,1
2023-01-25,Cerulean City,18.590039800400042,-6.575839991439263,65.90118742458395,17.88851881970102,1
2023-01-08,Pewter City,25.487540283809647,-16.450858513830223,16.338622407833796,-5.523996385097826,1
2023-01-21,Mahogany Town,29.44079625082702,58.92156433568248,100.76191298553303,23.46635847785005,0
2023-01-26,Mt. Mortar,23.78600361928264,48.25244371491341,62.05122849251011,10.376919375433424,0
2023-01-31,Lavender Town,9.98270270426884,-4.9918320691804094,37.03917349197302,20.745865535670067,1
2023-01-17,Goldenrod City,20.459392557529192,11.661252952953017,63.60302880915476,15.529452052163212,1
2023-01-02,Mt. Moon,27.45003979958396,-14.081642577853533,42.75135180454377,12.15598516516789,1
2023-01-24,Blackthorn City,16.839952509544197,10.467921146866953,51.814488298296034,6.761227533783751,1
2023-01-05,Blackthorn City,24.792120644790113,-20.90288141514839,77.2558058657443,-0.8911278195163295,1
2023-01-23,New Bark Town,24.649108309797278,53.17106986813531,68.6828908342994,9.587978947863025,0
2023-01-04,Mt. Mortar,20.62105902949593,24.731013434067062,52.864001505744824,1.7249883006629254,0
2023-01-26,Blackthorn City,22.43512274327294,42.13636818092726,41.841245458066325,-3.597834987502198,0
2023-01-27,Cianwood City,24.617439174819868,-37.40778382453776,31.381183192741368,14.658649105294623,1
2023-01-11,Tohjo Falls,19.14063585321488,61.26602751796259,53.28534823944879,12.691742742044907,0
2023-01-18,National Park,21.036473922415606,25.80762688604746,69.93037392903094,28.950116078466383,1
2023-01-06,Viridian Forest,25.821427339556706,44.33603499728204,56.59780708243726,11.74922928659085,0
2023-01-23,Saffron City,26.173851951337795,27.324154734745598,67.58463343880115,-0.13982231408831147,1
2023-01-15,Mt. Mortar,36.09374916246474,18.138063728801416,60.21540422210742,23.434636679099228,1
2023-01-07,Cerulean City,22.057759646751926,38.094836720755794,53.64463634463614,15.210661395080045,0
2023-01-10,Blackthorn City,23.069610809736073,13.556258939912158,47.81476987163626,31.843908891883522,1
2023-01-07,Viridian City,22.190557096363356,63.11534560713479,102.29102657709308,17.90679081012459,0
2023-01-14,Seafoam Islands,27.540102901415935,80.00902723056862,74.72764920584137,19.45618941824076,0
2023-01-26,Mahogany Town,21.360074492807126,36.29341475992494,67.14550793130365,17.36401102532949,0
2023-01-07,Mt. Silver,20.990988779938874,19.164443082091186,70.89791027656646,29.209597659808296,1
2023-01-07,Blackthorn City,13.808469889974083,45.14099155886748,58.1202360690068,17.205348046810727,0
2023-01-07,Pallet Town,32.65328157446609,61.26723883032221,52.105583184043425,6.704080357164239,0
2023-01-29,Pallet Town,33.34839300081031,-53.28397197873098,54.42424004395085,11.49528672998779,1
2023-01-14,Ruins of Alph,28.21295697596234,109.0792090985048,70.31166736657086,8.85603109755909,0
2023-01-03,Viridian Forest,30.515320551256426,127.10650451402067,77.68765295135935,8.826062730569348,0
2023-01-24,Goldenrod City,22.897956145495982,29.820399979577783,70.86147955673475,11.139459651235287,0
2023-01-24,Saffron City,28.36538441504887,83.29725431928735,63.20952109531416,6.469177693438638,0
2023-01-05,Cherrygrove City,15.431935926930402,4.23194072227383,38.91909435791924,7.645977270058516,1
2023-01-01,Safari Zone,22.36611809061451,-17.644491779251776,91.52470072105535,17.183549270630166,1
2023-01-16,Mt. Moon,28.21854562883015,10.357196354176118,52.01882854926143,25.435298493223975,1
2023-01-06,Vermillion City,30.430427689303798,27.07863504003841,65.6557417211889,-3.9742165616618603,1
2023-01-29,Ruins of Alph,26.005472195126636,19.3645765100441,58.046024906520536,22.951586363088722,1
2023-01-16,Olivine City,26.662018281726837,45.443560944235614,69.68300691800941,13.863130034612148,0
2023-01-11,Lake of Rage,22.338238517149087,-5.103673271082219,81.36494589880614,10.21790800580074,1
2023-01-06,Mahogany Town,38.34848326269017,6.909324562888351,61.64898719762285,25.912833828152863,1
2023-01-15,Vermillion City,22.25397971385183,13.560285342322143,44.42766922464924,13.423831252183232,1
2023-01-31,Olivine City,22.111534274867672,56.14388858361898,67.52619678335434,8.771003002924628,0
2023-01-24,Whirl Islands,26.419542786696745,-2.4123757710272784,94.42425512075926,29.390697739752234,1
2023-01-18,Cerulean City,32.93124926716376,38.70026003835679,70.47999460174799,32.13667862777496,1
2023-01-24,Cianwood City,21.5879954881992,47.609332100724444,76.59316077443135,12.638355572253317,0
2023-01-10,Cianwood City,21.873094860108356,-87.41730368910252,49.662416347893966,7.324312157888471,1
2023-01-08,Olivine City,21.1612960970579,2.6233001170343044,74.47145168384114,16.602175761246716,1
2023-01-24,Cherrygrove City,20.909264368907895,43.17186939122709,60.31388643086499,-6.202444967345256,0
2023-01-09,Cherrygrove City,19.551974653993774,47.003657532511646,88.37469749638282,19.06199714732358,0
2023-01-26,National Park,20.98302046402544,31.21672256865702,70.7763673438666,0.8967534938550674,0
2023-01-20,Viridian Forest,27.693992736074854,-32.95507014355588,80.74269181464265,14.559905527810157,1
2023-01-20,Celadon City,17.6560969650418,49.22337236493246,56.34010969229922,11.385862404463136,0
2023-01-07,Goldenrod City,25.213810093434127,24.67994500787591,71.87622555102988,12.665178713176262,1
2023-01-08,Mahogany Town,28.862109472594774,49.356152308774924,35.7531649630546,17.096959534628418,0
2023-01-20,Cinnabar Island,28.48846230384795,-73.33501219126923,65.45479702377693,25.54002850754449,1
2023-01-09,Seafoam Islands,25.99037095772605,94.98103186486529,60.366265948070556,12.081623243295033,0
2023-01-16,Whirl Islands,23.520279939010603,0.9506328663009995,98.05109638989589,16.276346630959686,1
2023-01-22,Saffron City,22.9795034443705,6.532348143709392,37.85186715152902,25.831722662153762,1
2023-01-16,Safari Zone,23.589356210933676,91.40199346333995,43.69333214970298,13.067762460616914,0
2023-01-21,Whirl Islands,31.471392478910673,54.52588149219228,69.5922979809569,13.000021251738193,0
2023-01-22,Mt. Mortar,25.94615392474679,9.031026275649413,76.09408947563098,5.244315108847253,1
2023-01-07,Seafoam Islands,21.04312525775341,-82.83188114705746,67.95375422276773,19.547468852313713,1
2023-01-19,Cinnabar Island,15.532387160234178,6.851541199789413,85.24441996620422,21.319075610859407,1
2023-01-21,Celadon City,24.35665271256005,14.26148040652655,51.98360923885009,10.491961753145178,1
2023-01-21,Safari Zone,18.11299535384851,-1.0199912828022946,58.28386749651095,30.039138801563098,1
2023-01-03,Mt. Silver,20.122597083137855,-24.217531959982296,51.885727675062114,19.967359066906344,1
2023-01-22,Lavender Town,31.262844399572923,37.62316373337638,36.73463293626855,3.080436187641986,0
2023-01-05,National Park,24.409260109251104,85.60722877787575,13.234265897844153,7.9447960713206465,0
2023-01-09,Pallet Town,25.49283907208389,111.65470124344034,73.68810035910336,34.04863498478999,0
2023-01-30,Viridian Forest,18.511979803080045,51.97396205851663,29.04760703341738,22.324358759334032,0
2023-01-07,Ecruteak City,23.55984434610451,-2.5424021334610103,64.36465526258098,18.317923116981962,1
2023-01-15,Violet City,26.13395845429211,89.80580631567989,75.80427916881737,18.105579287682094,0
2023-01-22,Viridian Forest,35.88862971395558,-87.30354507788567,91.68278154497918,7.027653118121744,1
2023-01-29,Whirl Islands,28.93854119497498,12.919068869129688,36.05498123871146,4.832004817332754,1
2023-01-16,Mt. Mortar,21.25546962205067,-9.813834190139737,50.27748130225149,4.684906477384697,1
2023-01-01,Violet City,28.995269945835183,116.80887110009914,89.28680776697527,6.334375820087956,0
2023-01-05,Saffron City,22.906529597431838,12.64255019445306,85.70793982411867,16.016208961099554,1
2023-01-29,Lavender Town,25.114234587398478,-12.444402374906083,79.16526684698024,3.251928941629309,1
2023-01-03,Cianwood City,21.991338957827335,63.220046447904565,40.503577363970734,8.587018327586367,0
2023-01-28,Cianwood City,24.216018380537147,65.29630286007038,83.72586377903478,8.742069478865133,0
2023-01-17,Seafoam Islands,23.263793369108697,18.446807015722136,80.18543362887321,19.88794161953879,1
2023-01-04,Cherrygrove City,24.317410099118142,70.48091689847948,75.69295858522608,8.497388457741355,0
2023-01-19,Fuchsia City,30.351926122227773,69.6416792444899,76.16786583973081,20.064648811702092,0
2023-01-05,Lake of Rage,28.17025373566414,-32.326510662253625,75.18217152532438,9.982083337746795,1
2023-01-30,Goldenrod City,30.13829314074353,18.8211882064928,82.70372943843506,20.52612794172476,1
2023-01-29,Cianwood City,19.841635175613884,85.37931148659857,80.10666510948371,11.094361729920589,0
2023-01-16,Azalea Town,29.18058393924687,44.1497327217396,76.33484885479024,14.435888966905736,0
2023-01-23,Seafoam Islands,25.825661366071177,-20.449820975711564,74.13915634128081,10.316771707330703,1
2023-01-02,Cerulean City,22.306318249015927,-37.27204829017964,61.68721085218611,7.085800235903823,1
2023-01-28,Tohjo Falls,21.327368541735375,63.38962460378053,83.1817440017639,7.549644129937612,0
2023-01-05,Celadon City,20.03987778608618,-93.45203179450655,52.872940650058446,29.996971691785518,1
2023-01-15,Saffron City,24.14363423691074,-8.371741734084434,58.408987889650305,3.9372012997616554,1
2023-01-05,Ruins of Alph,23.27771129466265,8.883494303516857,69.37530178102843,10.241183926320142,1
2023-01-13,Azalea Town,24.9545286486935,-14.792685005152695,61.88796630305194,14.123208205732496,1
2023-01-17,National Park,17.89583355216239,28.197709701832046,42.48057296350217,28.71491012617443,0
2023-01-12,Goldenrod City,18.849625169752464,70.72071748154761,65.99462813907928,16.11538767953691,0
2023-01-01,Azalea Town,16.52259389040055,47.84219025008808,74.18782672834229,7.590907984977932,0
2023-01-14,Celadon City,17.204377688344614,-50.7481658125842,55.62816633133226,10.262919727000055,1
2023-01-31,Mahogany Town,29.85249238062555,101.60813740712537,68.55079477039692,0.9653695076308377,0
2023-01-02,Ecruteak City,20.356799859652014,-14.451776223984766,97.50057522240186,19.830930897150672,1
2023-01-25,Safari Zone,25.83167735332533,43.767147546750365,68.70291726168841,17.47060049506497,0
2023-01-24,Seafoam Islands,7.683749585249334,-3.2870933438464007,58.720430865503516,5.334309355068635,1
2023-01-07,Saffron City,12.834369486038044,4.33590068648463,80.02925452251131,7.294584599421215,1
2023-01-30,Ruins of Alph,22.904964075926458,-27.121760306776167,41.36937831632759,15.498897561274926,1
2023-01-11,Safari Zone,15.267442562205101,15.60721720099683,78.94104831029979,4.155494637302821,1
2023-01-25,Azalea Town,26.32240236287037,48.027420571180116,64.72220484968012,32.85605171332555,0
2023-01-14,Azalea Town,14.493121898663409,37.1020665176084,89.11020490340758,10.433347912488376,0
2023-01-15,Ecruteak City,15.4627080000887,18.851507500659107,32.71794234349437,-7.851893571463924,0
2023-01-27,Fuchsia City,10.221628384922164,15.021267638382948,73.14987769870874,4.040389945773365,1
2023-01-31,Power Plant,28.561791799361163,33.151806970334974,41.48824268961409,5.0877909688097365,0
2023-01-13,Mt. Mortar,30.364478134991927,-31.70087389984178,74.63688672870566,17.393789130372024,1
2023-01-31,Mt. Mortar,25.95151942135043,47.96368620572244,56.881417114090425,27.27048035678419,0
2023-01-16,Ruins of Alph,23.606265708112332,36.348658184122016,64.6943546398473,2.190817588933095,0
2023-01-06,Ecruteak City,22.09423225067893,-96.48808981871959,52.469544880877784,23.888919160795815,1
2023-01-22,Safari Zone,14.569675194985336,3.933253154166179,32.35196016843058,24.663902294089233,1
2023-01-08,Azalea Town,26.582164874036057,-73.66426038873739,47.45873676527789,2.6057768619652553,1
2023-01-25,Olivine City,31.691963958585635,35.21950028356477,50.952080710505726,4.744886123393812,0
2023-01-10,Cerulean City,32.29109891734046,101.01494350058665,67.62192525565315,23.123157519186748,0
2023-01-12,Safari Zone,23.13200019246841,-38.941228718113344,82.40050409314557,6.970890608584755,1
2023-01-17,Ruins of Alph,26.974920142450323,59.651619080180886,38.93007275601989,18.261611289987975,0
2023-01-05,Whirl Islands,32.99108134886121,-54.77714635273677,44.42845968434034,8.461427610740447,1
2023-01-07,Cianwood City,30.88813940042803,16.575394400627992,60.42096495399914,22.07445242825272,1
2023-01-05,Cinnabar Island,29.527885654487086,75.61978685103429,71.17092597252933,17.663049568521046,0
2023-01-05,Viridian Forest,9.609262032777137,-16.68662119412202,46.868197706259814,11.51457752173187,1
2023-01-01,Pewter City,25.542610280233824,-0.1994352975047704,51.44483363246047,27.951997525745504,1
2023-01-29,Fuchsia City,29.63284653674767,107.9376274336206,59.35627915076753,21.943575806350225,0
2023-01-19,Violet City,21.9954262041381,-17.155138831043068,59.79001109307111,-10.679971251642753,1
2023-01-20,Azalea Town,25.57981127620856,-54.651215692851935,59.01096991376244,4.982142697202363,1
2023-01-19,Pallet Town,27.116124968011626,104.62874365121598,56.24164354291704,17.662247737897115,0
2023-01-30,Cerulean City,28.429263220303437,-12.33326223803925,63.33675466441676,7.992563507307415,1
2023-01-07,Safari Zone,27.61282857232217,83.74922914901961,70.0212351228401,30.00476992810892,0
2023-01-13,New Bark Town,26.551803094170833,9.05420749066792,69.43638465685144,30.2511509693959,1
2023-01-22,Goldenrod City,29.59203488898119,-10.543844753480201,54.325798756985165,19.54041539988332,1
2023-01-21,Tohjo Falls,21.702510885961082,33.420827875926406,98.49590106286415,12.639486770164432,0
2023-01-03,New Bark Town,23.52891523487008,37.048584206230224,61.96967906932429,-0.6441180065538301,0
2023-01-01,Goldenrod City,32.899168814859415,-7.839707202415866,83.21537358201955,22.870646147094014,1
2023-01-04,Power Plant,27.19544893408224,29.137168065786316,73.15033854942855,9.757903177916933,1
2023-01-27,Cerulean City,34.02860712941541,-27.367060490229846,48.53703532081299,-2.5811183361864654,1
2023-01-28,Ecruteak City,22.090503691372263,62.052851207269725,70.13504071213609,8.058143236305828,0
2023-01-26,Goldenrod City,31.23713551748591,102.34322451645245,51.67513769301359,11.362633995334699,0
2023-01-05,Mahogany Town,9.495978587400362,29.451013274436622,76.03612638276005,5.457492428482757,0
2023-01-04,Lavender Town,16.40664456300272,-4.865955870282949,59.74134657039988,5.947861065550152,1
2023-01-20,Lavender Town,7.209045048714803,-2.9120923156112912,79.77391571259881,25.87983589534295,1
2023-01-02,Blackthorn City,15.893852989964941,4.137444520018143,66.19820625084844,22.194187789190686,1
2023-01-17,Safari Zone,26.57652058327693,24.902313897870947,81.28290490325287,5.760122086713304,1
2023-01-11,National Park,26.57317035077141,65.13375442669673,45.30660525671753,17.036946172820926,0
2023-01-30,Tohjo Falls,26.18353821398501,-6.778304445340332,77.57742257385772,11.407826851202742,1
2023-01-20,Mahogany Town,21.327069796780894,87.04145401262122,34.26836030871071,19.46342131621155,0
2023-01-24,Power Plant,10.323804742049706,33.870810546766535,57.06524710480204,12.020543256284446,0
2023-01-27,Olivine City,20.309434243762077,-15.198997711605756,49.90326469284775,2.638718552855776,1
2023-01-09,Goldenrod City,13.886891960313887,70.54740939173958,72.44757560164413,15.069457027184681,0
2023-01-04,Violet City,21.57145003873911,14.269226338259909,57.130022782302,11.984895347071896,1
2023-01-09,Cianwood City,30.7918612125832,3.454965264465354,49.91226875351936,15.358640912646637,1
2023-01-18,Mahogany Town,21.99588705458979,21.761298458149366,44.26783190333216,10.718763617661134,1
2023-01-26,Ruins of Alph,28.30025258691063,75.37150194967253,90.94145543082071,-1.8924528611577855,0
2023-01-29,Mt. Moon,10.39231494428504,28.32620363988753,67.86150185431586,12.77910797128389,0
2023-01-16,Cianwood City,14.374759427295967,33.519770182245175,50.07165656405035,16.6341531753509,0
2023-01-07,Ruins of Alph,26.66061853992862,-6.700871711408865,56.47830408549145,16.67428240905914,1
2023-01-18,Viridian City,27.17672933367997,-6.261071528419276,107.87639760444648,8.574989298102238,1
2023-01-07,Vermillion City,19.015425064291176,-32.851198315469205,55.24065042829055,14.125810002313276,1
2023-01-05,Olivine City,13.79664999643108,-14.829808065578794,62.15260443619884,-0.04238934073213407,1
2023-01-01,Mt. Mortar,19.9993055711517,18.63447354283766,74.01807642816576,20.146249805743988,1
2023-01-05,Mt. Silver,25.11737316907848,-27.54764973636325,81.99199345489475,10.852805097666662,1
2023-01-04,Celadon City,21.674904666663473,99.54693533663172,73.15974202508175,9.18864332142497,0
2023-01-30,Cianwood City,20.15200160435125,-0.3892713236777148,40.550035841666656,9.826789162755269,1
2023-01-11,Lavender Town,21.276584957785246,77.03297902767652,74.87948862152726,13.762741450600522,0
2023-01-17,Cinnabar Island,30.197827590222186,23.968261940166563,59.965991666980564,6.646922424086177,1
2023-01-21,Pewter City,11.26572425886027,-19.360489570595554,56.34653051260371,0.08244722956060713,1
2023-01-22,Pewter City,24.80776269075378,-32.741076885700934,68.28915311227769,5.009597488809945,1
2023-01-13,Blackthorn City,23.569248803626476,23.909706600692264,54.68421225102351,3.6801088220485223,1
2023-01-29,Cherrygrove City,26.410125743890212,30.91021347257557,76.35910098144329,23.767353075028936,1
2023-01-29,Celadon City,14.429175566262863,16.397099659281757,87.88796013665618,0.09729444978794888,1
2023-01-10,Lake of Rage,26.164546160320462,3.8779225928055965,35.21456106898141,23.50878589886897,1
2023-01-11,Azalea Town,16.475753429118452,21.92977257634951,53.31454162134891,14.055097892644262,0
2023-01-17,Violet City,29.36332345694692,45.59601310504959,46.99847612270017,3.8545848094686352,0
2023-01-02,National Park,18.38105152704097,42.84695965840274,64.08536027661613,17.466070849723828,0
2023-01-28,Pallet Town,21.61219195476252,63.360909553397505,82.16952769165044,15.29620883461925,0
2023-01-08,Fuchsia City,24.36991659199597,35.548212646873964,83.08014530914353,12.318144255256826,0
2023-01-31,Blackthorn City,26.02479603251059,-0.6267163245546463,50.3797591387305,11.345430853244025,1
2023-01-28,Power Plant,36.32457789585466,127.41192440596413,63.84630777665026,10.720404070459017,0
2023-01-14,Whirl Islands,22.45413442828069,54.8194430086001,46.89860339499316,14.657351396374192,0
2023-01-07,Cherrygrove City,19.8680649838466,8.218788886836732,62.22047934347985,22.9526279418221,1
2023-01-19,Vermillion City,25.181753259662628,85.92564936802225,73.63890531239981,-0.9405333323601486,0
2023-01-21,Cinnabar Island,24.840497160901503,-51.059430316420276,77.74823907617198,22.532572995539603,1
2023-01-19,Mt. Mortar,22.630160803262726,36.5987968846551,67.29333816006515,14.597901550667155,0
2023-01-31,Azalea Town,27.3005141967102,-24.963856325989386,50.278669604192416,7.241686318315166,1
2023-01-03,Lavender Town,26.948852421049143,-0.09536175350028131,54.937789959346176,15.821014522882273,1
2023-01-14,Vermillion City,26.665856613369815,93.3572956268166,58.060194862510336,4.626153451461439,0
2023-01-02,Mahogany Town,21.136190893675163,68.3966101777578,80.85227101666672,13.959905617977961,0
2023-01-02,Cinnabar Island,25.532093688515843,60.81913261091408,76.89476155149569,26.42498908955286,0
2023-01-29,Mt. Mortar,21.973362344180355,41.80991301280905,59.8290560894164,17.323843221123727,0
2023-01-07,Whirl Islands,11.912158265922361,-28.673474369240413,48.27882131474722,34.56535181749516,1
2023-01-05,Safari Zone,22.113245628160435,40.27387278464645,58.79145695321556,5.785492074445262,0
2023-01-16,Seafoam Islands,34.1553899242857,85.08815319616994,48.104597330440285,7.6349807574853115,0
2023-01-05,New Bark Town,26.093401539337762,10.108785137935493,102.62799332436802,1.5353002918205139,1
2023-01-05,Tohjo Falls,19.796588189095843,16.33728381356161,46.476085246965255,24.992064408499854,1
2023-01-30,Viridian City,32.037759598924794,-12.47981216139955,56.43700355388882,25.34211541136992,1
2023-01-17,Pewter City,21.143193827805423,51.97171718998762,40.39932066329097,10.502561585463052,0
2023-01-07,Azalea Town,21.487886613647074,56.77120908698136,54.57410922457537,10.231701437559106,0
2023-01-30,Saffron City,18.77051203668824,13.37066017428766,82.76849419170094,19.884091097046664,1
2023-01-24,Cerulean City,32.088866133502165,-17.877489143356506,86.42999372684042,11.624017591550672,1
2023-01-09,Tohjo Falls,19.89193075339378,56.20689002735666,46.04000681786245,10.86163744218232,0
2023-01-21,Power Plant,25.285756647169226,13.240954907923246,31.968544466997088,11.46924710575246,1
2023-01-31,Lake of Rage,30.58287226396599,-50.590455272682654,67.83644224986551,-0.04940178895425085,1
2023-01-20,Seafoam Islands,18.99527083175315,117.5961796545259,59.732562022108645,20.508884379438747,0
2023-01-18,Saffron City,28.41446873831787,21.736258229336883,84.27895175503747,6.44004261007183,1
2023-01-17,Mt. Mortar,34.08019209367454,-135.99462105491762,48.81261489182766,30.594687468409887,1
2023-01-25,Cherrygrove City,14.603100321131393,4.7934951737203235,84.6335375628322,36.00324855278008,1
2023-01-12,Ecruteak City,24.95310896421836,-8.629022813934753,78.16407595867385,13.71797577661761,1
2023-01-03,Celadon City,22.05835503368883,63.29525044964787,85.66401226031402,29.367950615824945,0
2023-01-09,Olivine City,14.55171931824125,9.471446601059304,62.316231332093274,32.039865881131156,1
2023-01-28,Pewter City,17.45077689957495,-6.015793247416603,61.038459429898815,34.7363363170123,1
2023-01-22,Cherrygrove City,28.785682483490753,1.99066751277282,52.11063398751094,25.434237083443044,1
2023-01-24,Pallet Town,15.898402059346129,10.99573869421791,67.71692406491256,14.740739130725133,1
2023-01-27,Ruins of Alph,16.312044182933064,-51.17855345011105,71.30264585629071,9.092272289739483,1
2023-01-02,Whirl Islands,16.940939366117938,64.72819273512476,62.27425850775371,17.073666008896005,0
2023-01-17,Azalea Town,16.195734741348,17.15170305992648,58.94401837978117,8.93428109792248,1
2023-01-30,Pallet Town,23.238657520871435,94.85046143464854,82.01382307138066,-1.8960323899529818,0
2023-01-22,Violet City,23.354956573716915,-43.61189267211266,48.83666460847052,27.414356311936746,1
2023-01-03,Lake of Rage,21.25685689185304,8.306808247820886,76.95015205938674,17.606185637039218,1
2023-01-08,Tohjo Falls,25.150703936558916,50.1733927186677,65.34279266788661,16.144189850459327,0
2023-01-26,Fuchsia City,26.23817691279515,8.524311354218142,65.61585661519078,14.158690849805756,1
2023-01-11,Ruins of Alph,28.33633935812606,18.620999703105458,55.22436338576148,31.24711295155582,1
2023-01-02,Pallet Town,21.044030438300037,59.93748811371792,73.52586025908052,7.541549575001745,0
2023-01-31,Vermillion City,22.33246943395662,-7.770493879730584,42.02654261106313,21.657135257909257,1
2023-01-26,Celadon City,20.71124423097359,-66.41403970004646,49.34900211611953,19.829939003332512,1
2023-01-17,Lavender Town,14.559434618426726,20.5672512838951,68.82303902620404,-3.442950041413246,0
2023-01-31,Pallet Town,27.821585260516258,11.822002719867408,90.77494257826942,15.727593632557497,1
2023-01-10,Mahogany Town,21.96022782823708,45.334807071252115,73.78606374747727,16.485286448768427,0
2023-01-11,Mahogany Town,24.133681647438042,90.05966807380605,34.157958954515124,14.5078168130658,0
2023-01-02,Viridian Forest,22.009502156886974,6.6705883827746,51.07802562486239,2.2070817517482038,1
2023-01-30,Mt. Silver,17.39083363706112,-8.293139087943025,47.53935585195401,21.3075163462188,1
2023-01-23,Azalea Town,9.427118580130292,31.173714467698808,69.87683766816767,11.338301053102718,0
2023-01-04,Mt. Moon,35.88329582967022,32.461779745815186,76.39772338759784,15.137648920912799,1
2023-01-20,Saffron City,32.706243761408835,22.034930342935102,65.63568086046452,11.740708274032947,1
2023-01-06,Tohjo Falls,27.3849820967842,-4.240130004807092,77.06100738756366,5.830565167374733,1
2023-01-13,Cinnabar Island,34.66408636798241,-23.505713089467932,59.17727972170897,32.66602189505507,1
2023-01-10,Mt. Silver,29.539136505894398,26.268698137137715,79.96441170250483,18.692358039551273,1
2023-01-08,Violet City,27.384785978461505,2.260099238053087,78.52876359605234,5.912105712436363,1
2023-01-11,Cianwood City,20.225838458883388,61.45652609961587,74.56326230161686,21.550627501951404,0
2023-01-06,New Bark Town,34.613925620984446,-38.579581303650144,75.97057968995902,-5.0314125391620745,1
2023-01-04,Whirl Islands,25.645055054139846,57.85254968862715,79.5007622890656,13.448430774613191,0
2023-01-13,Vermillion City,23.266278659363056,16.243285849575642,75.17787339470092,14.226989919267611,1
2023-01-09,Vermillion City,21.71745681290339,65.4523073621725,76.12974681524466,23.379399945082397,0
2023-01-16,Mahogany Town,32.57351789039856,27.69132420387666,70.97119050750348,14.016009363549209,1
2023-01-22,Cerulean City,20.498467663988524,46.65446126109494,53.491946253101545,20.21023722647415,0
2023-01-29,Tohjo Falls,16.31268105646538,12.272384006503378,84.9712086882954,21.10420875681778,1
2023-01-13,Seafoam Islands,24.0483166732578,24.789614220719322,55.43465432544294,29.10978518321835,1
2023-01-19,Blackthorn City,18.007055059711462,46.91634328264133,79.79193019274835,23.40112514306408,0
2023-01-28,Mt. Moon,29.58028090394552,-59.40160147224579,52.09130236644977,32.22544139394116,1
2023-01-29,Viridian Forest,19.607188031642465,23.777262851070613,83.01527374212942,2.920224635817977,1
2023-01-06,Seafoam Islands,16.29735541761564,49.000975569533615,66.59861698366583,4.000210850588351,0
2023-01-29,Azalea Town,26.919923928473033,44.2857030172292,52.67286291530231,4.1503630718381075,0
2023-01-16,Power Plant,25.16030690026285,-14.747772299501602,76.9619541242545,3.931261341613496,1
2023-01-12,Violet City,22.81512875308676,-9.641438649321763,73.24052876414851,13.497587693050518,1
2023-01-03,Pallet Town,16.861400721878223,-28.62285209252504,62.989538800511895,26.47312041104054,1
2023-01-09,Viridian City,17.055179465947365,-1.0221151861307867,58.4081149570049,-0.9763731913099551,1
2023-01-19,Ruins of Alph,25.397488677798844,61.92313145841135,38.4131968391784,1.1056317581783315,0
2023-01-20,Blackthorn City,37.49378415283995,-52.42209645521467,75.72159143082557,28.685042083007467,1
2023-01-17,Cianwood City,25.704267435895726,94.01945892241511,72.23662172344609,12.016678010364249,0
2023-01-01,Lavender Town,19.97501788885483,-0.5036385155643899,83.97337116493509,11.665196979229634,1
2023-01-10,Mt. Moon,17.4905636737936,-18.911744326665644,76.83508694154162,7.235896284034389,1
2023-01-12,Saffron City,32.792239948616796,19.37646650759649,93.85731614679544,12.572250945425527,1
2023-01-03,Power Plant,30.570430637092045,54.012768231326575,78.04972129157142,-1.048694442062656,0
2023-01-11,Pallet Town,32.76663483025454,126.5226424706481,83.96076127984901,11.379959639846344,0
2023-01-29,Cerulean City,30.473614556872594,-32.51060829208589,82.05979906379724,7.803765344139671,1
2023-01-24,Vermillion City,26.341763994582525,-62.375576771373645,21.650150755026722,32.17537307947218,1
2023-01-21,Olivine City,25.4627582489184,-5.035066559280185,40.23879240369628,16.666499307293314,1
2023-01-12,Celadon City,23.981363927939412,17.411126033051183,57.203441877852576,23.6367807263562,1
2023-01-15,Viridian City,19.16759749983859,-23.765721991865053,47.449835523817015,8.939724527683989,1
2023-01-25,Viridian City,26.58982463147825,121.00770893622482,50.824309979033664,15.519754429271089,0
2023-01-02,Safari Zone,27.882409996194802,-0.7801544417296746,58.24452034150662,12.465932333582709,1
2023-01-16,Lake of Rage,11.187861714160094,-27.06542431631903,75.70004243931079,4.92715776572471,1
2023-01-06,Celadon City,15.171908961586588,-67.17593835184456,43.25206260084984,21.951968540675985,1
2023-01-24,Cinnabar Island,22.442315182513703,96.99699860262945,83.46079039490051,13.048252505999448,0
2023-01-10,Mt. Mortar,22.633987433861257,29.307208726300843,63.41088188638453,18.36454614926891,0
2023-01-02,Cianwood City,28.911674069661366,-136.64566831102007,69.89959582196406,14.688323177722758,1
2023-01-28,Celadon City,20.5974190846746,-51.443402779993576,59.95953396811189,22.57270214208893,1
2023-01-16,New Bark Town,23.247610934896674,60.362148691750804,57.26387712656063,17.019307629458098,0
2023-01-25,Tohjo Falls,17.753599734775953,31.83881037960719,105.66390718647767,5.42707881061007,0
2023-01-23,Violet City,23.76033234578873,-18.1468164621668,38.90788611889219,12.840274762288253,1
2023-01-07,National Park,24.057705898252962,-32.85667614475842,68.50551703545018,22.133222543268346,1
2023-01-28,Mt. Silver,26.398697271415827,41.94550875634578,83.74265717696345,20.199131078242235,0
2023-01-17,Tohjo Falls,24.42515064840089,39.76333588106592,66.1131826846676,23.79714060879717,0
2023-01-08,Cinnabar Island,20.860735981102135,-17.203853370025936,52.08000147472299,8.839316954040413,1
2023-01-27,Cherrygrove City,15.957946830691252,-19.177104044396355,70.2409341664994,16.62384685930061,1
2023-01-26,Seafoam Islands,21.855743041307313,39.00433757864714,78.29350848884972,22.63290245538831,0
2023-01-14,Mt. Silver,30.71965893916925,25.857215746020422,65.37321544867856,7.644862953445755,1
2023-01-22,Viridian City,30.812346229938242,24.672609294209767,57.934314969354645,25.76008519871013,1
2023-01-17,Pallet Town,28.043529299722806,91.4960511958957,30.497020051473896,16.29150480863045,0
2023-01-12,Pewter City,18.193219863671402,71.8003059681646,103.42546079740245,6.560773397598486,0
2023-01-07,Power Plant,32.39170825810312,69.54803842198488,76.4991957803223,15.483078565287219,0
2023-01-06,Lavender Town,17.74852172056176,21.508626844740828,81.41757789654494,33.10976898974735,1
2023-01-29,Mahogany Town,17.562357339874232,13.714158911438847,64.58296066532094,8.856890916620639,1
2023-01-06,Saffron City,27.027558559227927,23.57067248330429,55.149179047137764,6.147942076304518,1
2023-01-13,Whirl Islands,19.121345808274974,-27.68151730503145,76.65171100497464,28.37528492000887,1
2023-01-18,Viridian Forest,18.952147420629423,-37.70324640041159,94.92305682117063,13.269629939232928,1
2023-01-22,Cianwood City,18.687885709384716,39.67398170964711,63.16106806533636,6.421332550696617,0
2023-01-25,National Park,22.967723874951446,-15.67704740932514,82.36149832728177,5.505149352090978,1
2023-01-25,Ecruteak City,26.21027840941056,-57.078278581594674,93.46398745638257,15.832992086335345,1
2023-01-21,Mt. Moon,14.410398438282861,46.12501473026457,99.44326946963042,21.71855339871933,0
2023-01-03,Ruins of Alph,31.892045677362404,-5.991665611618089,79.35100630878289,6.9513957971019344,1
2023-01-23,Ecruteak City,14.170609935679845,6.025768569237092,62.59171842753034,15.160639227827204,1
2023-01-12,Vermillion City,25.971271802162036,-20.22527446918093,59.632811268088844,7.30656486389418,1
2023-01-26,Lake of Rage,22.034743653655188,19.918918514572795,41.140146370621196,0.9250443622230726,1
2023-01-14,Mahogany Town,19.324931832103445,4.767750585296646,71.59204824678163,15.536275724346673,1
2023-01-15,Olivine City,20.95673042058258,45.18790988247309,48.96274060311469,11.36064043892966,0
2023-01-13,Cherrygrove City,23.6565698958416,-18.296698150076267,80.98409100781336,14.70823185473301,1
2023-01-29,Vermillion City,25.825347647667815,-11.70973477794681,57.434682373864824,22.245681691276907,1
2023-01-13,Safari Zone,29.857166935829543,-28.869050645001206,87.68660975512071,18.19848083961515,1
2023-01-22,Cinnabar Island,24.351692838057122,-90.0393465753945,79.32087040731831,8.874172703268577,1
2023-01-14,Viridian Forest,14.36589320146777,-7.002051264961377,37.67581319730003,29.512419684041035,1
2023-01-28,Fuchsia City,24.46864497561762,44.99654938202609,56.64419552055769,5.87613411853801,0
2023-01-19,Mt. Silver,30.984218589204293,59.97205702493703,32.4727530480033,16.199394563564564,0
2023-01-25,Violet City,26.794893345599725,83.27765348646459,59.518704249141514,4.067470552234978,0
2023-01-04,Pewter City,26.52567625730349,-29.297763313715958,56.43170676601884,14.688881913139232,1
2023-01-01,Saffron City,19.518110698656287,49.89243115248959,48.752598237142664,12.002481908516378,0
2023-01-16,Mt. Silver,8.364508049505861,3.7547641617185503,63.26974336099643,-1.740260449927602,1
2023-01-18,Pallet Town,16.09603580774171,115.39514508389837,118.13822919413646,22.774868112291692,0
2023-01-29,Cinnabar Island,19.74850902457342,-6.365703401028217,84.64594857392024,5.977207318447416,1
2023-01-11,New Bark Town,21.115216457561285,6.509105657289718,73.48698955783006,29.09939944395784,1
2023-01-02,Vermillion City,22.5681318868242,-18.9148306509414,56.379872419243796,-3.308329005496512,1
2023-01-07,Mt. Mortar,17.203464394399163,25.069715954241072,41.87261916404337,9.553693977671593,0
2023-01-09,Fuchsia City,26.132152902823506,104.04132311007207,85.18996906765913,16.229753354092175,0
2023-01-21,Vermillion City,20.578710325917665,41.282637288921016,53.50320147023199,19.677501068125274,0
2023-01-22,Blackthorn City,32.81230765761486,-13.532011064154538,57.89017907994394,10.614369977709588,1
2023-01-01,Mt. Silver,16.18946155001047,44.466553140260444,72.0520250353298,21.83185392817044,0
2023-01-13,Mt. Moon,29.159086847954992,66.49209806581948,45.81000004591968,13.967874389899032,0
2023-01-15,National Park,19.747213633885533,19.14195910760575,90.21149334748047,17.546718422513994,1
2023-01-26,Safari Zone,20.098240551881453,-7.290507248524648,77.0512757356257,-2.4228197965554994,1
2023-01-27,Mt. Moon,36.20386768294361,-3.3861198294801653,69.36397903448028,9.19120051224548,1
2023-01-31,New Bark Town,16.386443214424975,18.013771329970204,75.20711749895167,17.703183651924533,1
2023-01-12,Mt. Moon,21.440734714898273,47.23960120166679,50.38655963719135,16.638823874540673,0
2023-01-28,Cherrygrove City,13.340936741113612,0.5205360555679768,24.929258835310748,19.593629750914133,1
2023-01-17,Mahogany Town,20.335820420879973,4.9838313115107145,66.04857270772862,6.192411986465555,1
2023-01-20,Olivine City,18.707980803555724,52.90872937753825,54.45612046065072,24.73941800222832,0
2023-01-19,Lavender Town,20.953237059312986,17.309179137775757,100.74416889298548,-3.6430522249103294,1
2023-01-30,Celadon City,24.10375124895073,-22.78754725260182,77.35259109534852,0.942092106578059,1
2023-01-28,National Park,26.603188360036913,12.696553278987126,40.01958478324198,32.6143657601121,1
2023-01-15,Lake of Rage,24.3834481879367,-60.666168098024635,71.39545640397327,3.19949175999586,1
2023-01-03,Saffron City,26.765265653159688,77.35895722423824,87.21653196695519,15.99424840442788,0
2023-01-10,Ruins of Alph,25.895091616425262,32.46657977523729,49.514504562495645,14.80678046903301,0
2023-01-26,Lavender Town,13.437824108242312,-30.71468719098864,57.594389140663345,10.71808987211655,1
2023-01-29,Saffron City,23.099229448094576,-57.33499570831276,67.51305242011946,18.01001210850312,1
2023-01-04,Ecruteak City,33.14163871486167,-59.80288121734523,83.78058976069107,26.392727682867736,1
2023-01-20,Lake of Rage,28.22542340337168,16.997313754775632,39.755520369767,6.794794529130146,1
2023-01-10,Tohjo Falls,22.60883994861637,-41.9969473688783,51.42242584563538,11.60153678201763,1
2023-01-07,Violet City,26.273713453629366,110.82133502378817,24.990792828155683,11.406694800099809,0
2023-01-21,Viridian Forest,31.505225770204138,-7.955651370808329,57.86702399256605,47.901071472332774,1
2023-01-10,Lavender Town,34.0261174276189,74.02099108216882,49.68397582114736,10.838963152609066,0
2023-01-19,Viridian City,15.107081014856723,-19.620862856329182,70.94887724179719,18.938743871318334,1
2023-01-08,Saffron City,24.82909985567472,112.95219740185573,51.83216776068961,1.6007894080917495,0
2023-01-15,Cianwood City,25.087222404247445,-65.38554760552138,43.78610492769203,9.743826190021071,1
2023-01-21,Cianwood City,26.82899766098998,57.143227919893604,56.79239836334584,30.352366620771654,0
2023-01-12,Cianwood City,17.873664569521114,-12.973749383922279,35.11113393868388,14.126500523793274,1
2023-01-07,Celadon City,20.925051539852088,-35.714056061799155,70.8462805720214,21.14490035241633,1
2023-01-09,Power Plant,20.27596704366714,12.507721089086136,34.30188210239615,30.241978396087305,1
2023-01-28,Safari Zone,27.87542403514986,-44.97681092031945,65.5670668124719,8.365503944824383,1
2023-01-03,Goldenrod City,23.051517111522465,66.53191824366971,49.59260950717245,-5.730473710639503,0
2023-01-12,Fuchsia City,30.321006177408577,77.47290451892242,71.92647680237944,9.76832717310126,0
2023-01-05,Violet City,10.688143807132034,47.071074096623555,74.59102241175933,21.26949923364215,0
2023-01-31,Cerulean City,10.433209130158488,44.851052338153494,35.683944812355094,0.2832487150719025,0
2023-01-25,Fuchsia City,33.58876822953052,44.229111366321256,71.33926065612795,19.42371891171753,0
2023-01-03,Ecruteak City,17.753436693925885,31.607621265248248,88.94080363932055,13.638519194570964,0
2023-01-15,Goldenrod City,20.373148905447373,51.435836376528044,89.2949886909375,23.886649749198753,0
2023-01-28,Violet City,34.83682046483759,58.06793097890193,53.47862944406769,28.49774665071016,0
2023-01-13,Pewter City,29.64166852991248,-21.330862990760906,83.50712636120099,6.759288663411917,1
2023-01-11,Ecruteak City,16.630575197002315,56.546298070149156,53.101860014603716,18.189829394539963,0
2023-01-03,National Park,23.238456562843467,33.59676290245898,60.38784458544228,23.475308218282454,0
2023-01-09,Ecruteak City,32.63689594241532,-74.43605118408698,71.50471876704007,18.31466908935382,1
2023-01-05,Cianwood City,23.439808024372777,89.114654538945,32.24885559654825,4.614967419258635,0
2023-01-18,Vermillion City,30.12515406412878,30.43004149964624,77.97061722251733,12.567800439505984,1
2023-01-09,Mt. Silver,31.780549074019262,-43.043927753426146,78.88820896713904,4.2636128015357375,1
2023-01-21,Ecruteak City,22.425814242916655,16.055377832108512,63.79756936419393,13.745187143753139,1
2023-01-27,National Park,25.41276998777359,61.441790982471204,83.98612717939369,2.111831130531442,0
2023-01-28,Seafoam Islands,31.72697207059856,30.73804185285282,75.23698505260055,-1.9923305576678914,1
2023-01-03,Mt. Moon,35.00218542924209,-46.760811201542495,71.3915646426677,9.107989646799886,1
2023-01-31,Violet City,24.407809419430567,-9.230653951540528,79.90777032194097,8.537701102111154,1
2023-01-30,Whirl Islands,31.455658873990338,67.01589128582788,59.3155210408957,20.09433607479448,0
2023-01-11,Cinnabar Island,18.574042565699713,47.73325678582961,80.33187478672261,6.6119506995896975,0
2023-01-02,Pewter City,33.64339858603078,-117.36666867356405,67.3515419967493,13.653789089117174,1
2023-01-30,Power Plant,23.085566109887115,1.6422372067744213,70.46894494665574,11.03030114094248,1
2023-01-03,Violet City,28.295130048883472,102.39722180307209,64.92840475601629,7.757499720655217,0
2023-01-04,Ruins of Alph,18.331544917345163,10.324575673536428,70.95868652246074,15.873002029052333,1
2023-01-13,Ecruteak City,20.608751360403918,2.3257347300738225,78.92452221033236,-10.663064619800826,1
2023-01-12,Azalea Town,26.492685495512657,156.4285718473316,54.07685827385306,10.081607687011203,0
2023-01-22,Mahogany Town,23.77652591405543,8.514818532960405,92.09384473963563,11.37886919164232,1
2023-01-06,Mt. Moon,22.791336584372317,-9.182782253118468,85.7435375965576,2.4131240864040215,1
2023-01-27,Mahogany Town,21.962626971037153,-37.4934456163119,58.218691857479385,26.106744881112032,1
2023-01-01,New Bark Town,9.156921546301517,18.773589856204563,52.062728251993505,0.061435006237704926,0
2023-01-18,Blackthorn City,16.43033329850797,-56.888903847716165,86.1974225100848,7.727918228724334,1
2023-01-25,Vermillion City,17.02147584346038,-6.384421104739026,70.54487253261252,4.265609986532736,1
2023-01-09,Viridian Forest,29.509446929758635,67.04960181339256,75.54025607986092,19.540133026349437,0
2023-01-09,Cinnabar Island,20.25762902075392,16.295477733709234,80.37944804501322,11.147816946463038,1
2023-01-29,Safari Zone,12.327280852615214,-47.04312588426251,69.28184294863075,1.4218645617769035,1
2023-01-19,Whirl Islands,18.264167138742962,21.60953963221889,84.53189201629152,22.780004884737885,1
2023-01-16,Viridian City,12.988524326124775,45.71988362331191,83.74233836000228,23.999427929113402,0
2023-01-14,Cianwood City,27.529944837930877,40.42719668195981,50.01243059870586,22.495118896564733,0
2023-01-15,Viridian Forest,30.094506986286376,-53.73366726392021,50.29091754292621,17.211248419737412,1
2023-01-27,Pewter City,14.211611099140335,12.072456505600407,74.90037384772029,27.94545660503402,1
2023-01-21,Mt. Silver,27.12602505216106,27.071304065790862,79.32631177638305,5.383956755845183,1
2023-01-17,Vermillion City,29.913665328834796,76.20758752532217,53.73006637932788,18.739557837918547,0
2023-01-30,National Park,22.47155601652691,68.9006526117353,40.30306358852216,9.788125744225521,0
2023-01-02,Seafoam Islands,32.401362997039655,20.083594130197483,48.090038385652434,18.668301710434108,1
2023-01-31,Mt. Moon,29.61984192469352,-22.15963642265415,61.50896503486416,18.03168996378904,1
2023-01-22,Pallet Town,25.170204325774847,-60.24036192733823,60.49990620211083,12.150021105304798,1
2023-01-28,Lake of Rage,32.19600013680272,-0.770202018355576,65.30565460357606,17.276894016732374,1
2023-01-21,Viridian City,16.68193697604852,24.89135732399496,63.24256682863542,26.15026908478839,0
2023-01-04,Vermillion City,20.55527931985432,20.84318754243779,64.26986677345522,10.589072713392573,1
2023-01-12,Lake of Rage,31.55304891052562,132.22613483469874,76.65323344045493,3.498596259878342,0
2023-01-23,Blackthorn City,25.586677386998318,94.70599824032074,53.05550669615803,22.216038588351072,0
2023-01-18,Cherrygrove City,42.67951561819969,12.925837385246624,73.8330385067693,23.947867284778095,1
2023-01-10,Olivine City,32.93360709955687,-16.89058535265187,55.567735120647185,12.367325194510359,1
2023-01-19,Saffron City,25.21163605019795,126.02695855253118,77.19659801932528,10.895140100553236,0
2023-01-23,Cherrygrove City,26.620936713627017,-27.35780992468778,59.63891730197035,8.96998578354036,1
2023-01-09,Azalea Town,27.877715135585444,-11.708659600622891,76.22830747762708,12.287376790916554,1
2023-01-14,Lavender Town,7.483443881828517,20.136843484167223,71.05331961831584,6.196176714229311,0
2023-01-19,Viridian Forest,19.629028460754583,51.27583181042783,54.026081976976755,-2.440970731484038,0
2023-01-24,Lavender Town,26.172279217114713,-31.25842578219693,13.12793765567325,-8.8488257349593,1
2023-01-18,Olivine City,24.68364184336295,70.8170137769761,76.88904594848864,18.200483015593903,0
2023-01-12,Tohjo Falls,24.55311653875696,13.941016967300076,55.7905608801958,9.081268257297694,1
2023-01-27,Lake of Rage,20.096303515168287,-81.63076915568267,33.02176704457092,17.452366023942847,1
2023-01-20,Pewter City,20.301398892206482,36.030101870281484,55.42641913415187,26.041012099648455,0
2023-01-02,Mt. Silver,19.708000686926145,4.474359339597498,121.42298656306767,17.22177358725271,1
2023-01-26,Tohjo Falls,23.01949853481742,46.461662890706,40.189930496253204,15.607847086557525,0
2023-01-31,Celadon City,28.047391754020424,65.27003876071538,57.594254175686096,13.88836561824373,0
2023-01-26,Whirl Islands,23.21623263446597,67.14436159002803,75.02880782330591,24.189671836290564,0
2023-01-20,Fuchsia City,36.71220224416457,1.6960170199607347,54.00503550429634,2.151201944782475,1
2023-01-14,Cinnabar Island,24.723042101281386,85.7349995625427,50.62407735833518,39.02935260983115,0
2023-01-05,Viridian City,22.88913012542868,-28.63002747322429,70.4744089433807,4.12936697774669,1
2023-01-16,Fuchsia City,16.932093236282707,70.08791837785922,46.72229732855699,1.117034606717887,0
2023-01-11,Vermillion City,20.878473247245115,-15.514509723787274,70.37962788634444,18.707025964366082,1
2023-01-30,Mt. Moon,33.38195416301758,20.549557537331793,65.61110976936274,14.088990057772246,1
2023-01-01,Lake of Rage,24.646233291391386,27.24235156726278,71.30222251906761,15.895097268540455,1
2023-01-24,New Bark Town,30.544763863663377,96.08756122280569,61.167291956548176,-1.3681865807129991,0
2023-01-30,Seafoam Islands,18.477333514115728,34.8102318410591,66.65107442601366,15.455234035109916,0
2023-01-16,Cerulean City,28.49907866960945,86.0936391239582,44.49758735910737,14.508946833087222,0
2023-01-25,Power Plant,22.738201534830793,9.21899246192759,67.93159826870411,17.191160581762837,1
2023-01-11,Fuchsia City,26.79586214467252,-45.72869684088885,51.381080948463165,38.96156511160948,1
2023-01-08,Viridian City,29.660322383379594,17.073869822694576,42.975521708070545,6.314121457442295,1
2023-01-11,Violet City,19.938161144777176,27.57745748611811,73.80953113012521,22.192990291406545,1
2023-01-17,Viridian City,25.8943765898367,92.3438628081773,70.72975783321331,18.121881610062665,0
2023-01-03,Whirl Islands,20.75457360865259,4.034123510514274,66.30065710660152,7.682131296676795,1
2023-01-31,Ecruteak City,18.381412052479384,60.01382296304078,67.30902221277958,20.108761208149794,0
2023-01-15,Mt. Moon,22.84995191728625,101.27533876824965,64.20688453442745,12.328464749844377,0
2023-01-25,Lake of Rage,13.51111779356531,-47.05031511636055,30.075064248698503,2.2285037147108735,1
2023-01-19,Seafoam Islands,16.332586609242412,-60.203666368889145,54.29357139193344,11.428951506499695,1
2023-01-14,Power Plant,24.596288549795357,-34.608724573740645,70.08030343196789,18.869821515726947,1
2023-01-14,Viridian City,28.868785938642564,-36.67106434428631,41.04560948732299,11.999739144825432,1
2023-01-30,Cherrygrove City,35.250320142026695,47.854543313787616,58.253781609492954,23.49985493452111,0
2023-01-20,National Park,19.53595606051258,16.357897824036623,67.03382785599169,8.064749856744825,1
2023-01-03,Safari Zone,19.691377443886893,15.106849343075593,42.38839404358657,14.432744612770282,1
2023-01-23,Pallet Town,17.49730398766051,-15.153952669029643,44.88958738311341,5.934578231092637,1
2023-01-26,Power Plant,20.486813335741974,33.689734964791725,62.615861484955595,29.34014228822349,0
2023-01-09,Blackthorn City,29.780704191535186,52.81680220485227,58.810121364392636,21.248350800956224,0
2023-01-07,Tohjo Falls,27.74464905557879,85.37976783364496,61.38429206255595,13.005034276070157,0
2023-01-15,Cerulean City,16.323547707991548,31.305808409516708,95.16442200825044,26.423646303514435,0
2023-01-14,Cerulean City,29.303964403661897,-32.0178133061507,64.90492265358118,11.767231307909887,1
2023-01-21,Goldenrod City,23.034088770245138,67.81567907324444,64.20513141585809,22.06758477474849,0
2023-01-21,Azalea Town,31.482049385868013,87.4684514112503,73.82473787822417,25.253050324778936,0
2023-01-18,Mt. Mortar,32.85895933874551,-27.90825336359093,88.0131358649715,17.424331889192207,1
2023-01-01,Olivine City,21.409564468601825,47.113552084332674,66.2361051833716,17.539841152718243,0
2023-01-03,Vermillion City,25.937748942964443,71.26273361291757,67.32070565881196,0.5025208397961993,0
2023-01-24,Mahogany Town,23.503103244439828,0.0706280473947345,53.686637261262696,7.635637806859159,1
2023-01-02,Violet City,18.63422621551797,-8.365306781897651,85.88250614237,15.443042053477251,1
2023-01-03,Cinnabar Island,35.62569944577824,-17.22513970490754,75.37196795466545,15.091528503146328,1
2023-01-14,Pewter City,23.999264016122115,56.216006473953925,46.73167736650633,18.34748403979379,0
2023-01-30,Fuchsia City,19.184447660141977,79.27501207908395,89.6121791298205,3.79554285376077,0
2023-01-13,Mahogany Town,31.391685654524874,33.88411554556626,62.30481368412653,11.295472837260375,1
2023-01-20,Viridian City,21.04661010059119,27.52200357174573,54.198493416137396,27.266112089115914,0
2023-01-06,Cherrygrove City,36.4841637203342,58.84841385969688,63.215839664495604,-1.4300952240377534,0
2023-01-13,National Park,25.186434113718455,-17.217726893326706,70.13876267363209,8.02045726048283,1
2023-01-20,Cerulean City,24.589537413505838,40.66218017109989,78.03326246670275,23.25817293882011,0
2023-01-30,Olivine City,18.395784997199556,42.54559476095328,67.41822486909824,19.720593082812204,0
2023-01-31,National Park,20.378908054226063,54.74896677291059,39.110959683870945,28.918232469256168,0
2023-01-12,New Bark Town,21.416076798092462,-31.035880658595218,46.31653631347943,-9.46362638277869,1
2023-01-08,Mt. Silver,26.86291019784811,-97.4382759793594,61.739253939131075,17.64443810769923,1
2023-01-05,Mt. Moon,14.579750772431542,-8.068420763792034,82.04913232822341,23.25703905696553,1
