latitude,longitude,price_per_square_py,py,apt_code,dist_from_station
37.125541223294064,126.91377585411004,2860.0537872965588,24,GEDAE,1588.406225842074
37.22316851209905,127.02691339237889,1715.0731631881133,59,IHEAD,986.1467995017553
37.23902930394489,126.9063028674739,1780.6046301925041,57,FHIBJ,1492.5145115191053
37.27443329275863,126.73777102982055,1508.8143356174753,42,JBCIJ,1621.602865652264
37.082670439953986,127.14363439991196,2933.9304881616267,32,EDJCI,945.0345192653499
37.2955089288541,126.82506643093008,1698.0523414723236,32,EHCAD,1565.151207300356
37.09188688714497,127.1244850526467,1511.8885003105377,24,HEBIA,1212.2763822291513
37.033688042916864,126.99654741136224,1566.2333409426024,24,HEBIA,1550.4281442842662
37.09114054373824,126.97879968441643,3503.5538949161287,24,IIGFI,1656.8029689218026
37.185719769584246,126.87665967183932,3149.0652119972046,24,FHIBJ,1746.9770720706265
37.04639985965685,126.83783216669171,3750.5828439224133,40,GBDGG,1493.1407425240611
37.2158546995462,127.12796700637472,1945.7091928877344,32,HCCBB,989.515200592919
37.252652795121676,127.10742454485597,2670.280398054436,32,IDCIC,1802.915109511846
37.13248916146185,126.78480149348222,2246.2927222992244,40,HCCBB,922.1571690078622
37.270843825161336,127.06493629067748,2423.397245431279,24,EGFBJ,1491.3988732648165
37.018739317641845,126.94104474133559,3072.194748690792,43,JBCIJ,1716.7252138734289
37.09154232196124,126.86439951727496,1828.4401518726795,40,DCJJH,1739.57082160505
37.17566475818571,127.0849760013108,2967.6489515316744,24,HHGCB,971.9501977205381
37.01911171848328,127.1827416808428,1591.944752902555,32,EJAIA,1680.8802954731336
37.21130301127881,126.89047061624517,1619.0874489084358,32,HHGCB,1406.0105645503386
37.06818257622172,126.87812385117724,2464.8286066065975,40,EACGE,1571.2429934028328
37.09529032803929,126.79278888055569,1554.3068368591548,24,EHCAD,1372.472698968752
37.12933400646678,126.71278248330992,2322.612367349807,40,EDEAG,1015.8032834382767
37.10265437566861,126.70387575082614,3766.4947466909953,24,HEBIA,1097.013119918635
37.132285839977385,126.74762907864493,1660.9006655702867,24,EJEFI,1767.5471440862452
37.153303873801754,126.8904935340132,1728.0963969782988,40,DEACF,953.9967214514111
37.18998393567219,126.72492938765326,3593.5998720435327,32,EJEFI,1257.484391777878
37.0010426953346,126.90197010700172,3103.5853651898983,40,HCCBB,1060.348714511608
37.03824035646018,127.04175559082866,2711.8401238614724,40,GBCBB,1383.1318205331613
37.24352837630544,126.83293605043099,1955.4177320078754,73,HEBIA,1451.0702515942685
37.209845139385074,126.79806342531501,2589.1011817027043,40,GBDGG,1230.9311294669153
37.22967848331722,126.9042598114869,2208.548173675636,54,IIGFI,1207.990123668775
37.22798653364119,126.93382125159981,1644.6457539794237,32,GEDAE,1706.356311898376
37.09138426716213,126.71881659101224,3772.9052924611924,40,DAHBD,1271.553213730503
37.06560929755395,126.70551833842127,1917.5581492631409,32,IFGCB,938.8590017091784
37.089012686733696,126.96758299569197,1620.6764982780119,40,IHEAD,1035.8631547102211
37.16322512524228,127.1880205712039,2723.0981857736347,24,AEEDH,1168.1652034808385
37.20765003482267,126.90331682132947,1590.2548856752458,32,GEDAE,1500.7551383708678
37.29606481295832,127.05384336439197,3446.0484078503705,24,GBDGG,1683.097967056592
37.243585771880205,127.08690697888191,1679.9951513389658,32,DBEGD,1438.9870226293388
37.148454000226714,127.16392094647094,1900.384111621814,40,HFIAJ,962.0617137025062
37.01124457929463,127.18987082128359,1741.3317953466162,24,DEACF,1096.4083770917546
37.038072428149555,126.99115023226435,1816.0847182049874,24,DEACF,1094.6666857190899
37.111416946205686,127.00159821623487,1597.8841737149762,32,EACGE,1099.567693047613
37.03569070935611,127.02992769678966,1808.7402346284714,32,IFGCB,1080.8132958559952
37.105645046272784,126.89336718605328,1740.1979075451811,32,HCCBB,1853.1984423164631
37.26553656271276,126.73505857671489,1567.07244361972,32,CDBFE,1551.4366485151143
37.23383852206131,127.19239024142561,1651.9861444991413,24,DBEGD,1257.1565231397865
37.074262701674584,127.15581571272122,1946.2269142304337,24,CDBFE,1814.5357338540625
37.28512984406054,126.97597167781612,2421.1418141940962,40,EJAIA,1169.0859876206684
37.04961013535239,127.0089631261283,2901.155421293323,61,CDBFE,1733.0385924070285
37.175054969939985,126.78142301263381,3356.7843629048552,32,ICDIG,1478.6674285848815
37.02311314115615,126.8360256226938,1642.7546070571218,32,DCJJH,1054.318026140924
37.00721889818316,126.89094892330233,3131.3269077798623,32,IIGFI,1339.2521569484852
37.041275415724684,126.90028010160245,1550.1403189805408,24,EJEFI,1042.8460197236652
37.104736146344685,127.10092754048267,1711.8118785396578,32,EJAIA,963.4548486003649
37.291824488680625,126.89727049484571,1599.369471020411,24,IFGCB,1827.7501580942528
37.1852035892419,126.71582612032074,2628.436132490767,40,EDJCI,1177.8210491761142
37.224983818632694,127.18039453353055,1718.6315508134753,32,EACGE,1150.2480787075613
37.290166352422936,127.01925029024981,1689.9043284019256,40,AADGJ,1138.938473963828
37.20879628509723,126.73606838487832,1670.8064080477518,40,GEDAE,1508.0501394718208
37.004067240607725,127.14285816449035,1531.2401600033863,24,EJAIA,1325.7267976297894
37.13218232247884,126.73249684072817,1717.9377859717254,24,IIGFI,1439.2427527077489
37.11080614500812,126.96027752575085,1561.829755036907,32,FHIBJ,1779.8453105896629
37.293838877368565,126.86998311326883,2348.3944850719754,32,HFIAJ,977.438455382359
37.14113903241728,127.06151703322755,3158.4082839984585,24,HFIAJ,1064.309306775849
37.14612179187076,126.84848799354101,2345.789495562514,24,HHGCB,1624.26721267962
37.16184846965812,126.80129725142942,1598.5284453701256,32,EDEAG,1274.7326383920479
37.18127297498871,126.7087637433373,1541.3118801798382,24,CJCBC,1487.8001459184934
37.02059230772412,126.92367569397192,1523.222075287948,40,DEACF,971.6860961394271
37.293494449097345,127.18790490703378,3163.5073711105188,32,EHCAD,1285.8243304303257
37.174150518678246,127.19247037944743,1896.748314666711,24,DEACF,1710.334968522971
37.289633649292846,126.93178112354923,2229.2189363161456,32,AADGJ,1661.3004639323872
37.25932454249867,126.95579324427223,1927.5226794607308,40,EHCAD,1826.635734244219
37.026007661945435,127.11843804018865,3656.1397179902688,32,HFIAJ,1479.0509899340013
37.085003572491466,127.01732482168242,1622.6771710893574,24,AADGJ,1118.003320772658
37.22867526452482,126.8331780466626,1896.487959818921,40,AEEDH,967.2773656778609
37.00606438782794,127.13072208623625,1511.6073536550268,40,HFIAJ,1263.8253989916864
37.26452048961622,127.1966383335212,1813.140635534171,40,JACBH,1219.4816309366852
37.070798553781295,126.98170043086054,1504.4353854995925,40,DEACF,1341.703680511299
37.07851218367168,127.04136845951751,2222.1746909864496,32,EDJCI,1494.889989983694
37.249736010582225,127.07318347328824,1755.3294261199792,32,AEEDH,981.0511723612791
37.16830889948962,126.75955939237572,2900.823176465904,32,FHIBJ,1510.7622662881881
37.08868265769347,126.77792851789614,3391.1007171392207,24,HFIAJ,1428.948834353996
37.24133457906207,126.94308763288961,2196.015679086308,24,HHGCB,1493.2984645315933
37.164698914194034,127.05658909980095,1938.553991519272,32,CJCBC,1325.7889731557243
37.13675966221394,127.06595247776475,2409.109511169398,40,EHCAD,1223.1226894711306
37.09047458250008,126.98690607906526,1824.7825080790756,24,CJCBC,1425.1133842494346
37.07671646443727,127.13124507652896,1784.667775145261,32,DEACF,1207.4768401996885
37.286668923526925,127.02325553787992,2661.3510334115736,24,EDJCI,1856.7558546960588
37.274567518183666,127.02457560175456,1516.8201317270543,24,GEDAE,1035.1911904651902
37.26318526153765,126.92831595548662,1800.1611211764057,24,DEACF,1384.4010066916221
37.18258036241628,126.84688787253357,1601.4992354885064,40,HCCBB,1472.493093170322
37.22599011677711,127.13674141515273,2271.571494733666,40,FHIBJ,1140.0624123247346
37.02228870502046,126.97883110280817,1973.89238437203,40,GBDGG,1681.9526043403828
37.078691836526055,126.8248434153825,2417.5366126305635,32,GEDAE,1498.3945708007477
37.079261873481585,127.06715627001321,1883.7186104377652,40,EDEAG,1663.213879038623
37.287232786641134,127.18373904365055,3621.174989117345,24,HFIAJ,1012.7576259214728
37.13140574413492,127.02861636462728,1743.8888400958253,32,EGFBJ,1564.3309329284798
37.162978058871865,127.11971098081614,2669.9561337664263,24,CJCBC,1544.7201474072344
37.14257418667733,127.1581194069836,1956.9782577790024,53,DAHBD,1558.1479421620807
37.14024603422075,127.15152084807995,1633.7710277326423,58,EDEAG,1059.1180561374163
37.22511294098802,126.91142207825553,3700.4235378597614,32,DAHBD,1431.1349519776788
37.19011025575687,127.12612502191737,3337.0512698204434,32,IHEAD,1871.3955596175897
37.12516807877051,127.04007792898464,1588.117605363691,32,AEEDH,914.0139454157248
37.211952802334835,127.10852158591749,1870.7733229919415,40,DEACF,1729.1225260170236
37.01853858290891,126.73056962318971,1593.3002742194135,40,AEEDH,993.6766697068152
37.2623105511908,126.87695491603525,1747.1390364582908,40,EHCAD,926.8387915366227
37.204469420745895,127.13074222444897,1914.3208372676224,32,IHEAD,1267.112637996575
37.23957998601469,127.09412816740196,1749.3776508512865,40,DCJJH,1865.4197742095917
37.12314392090943,127.16250968282905,1758.73127232187,24,GEDAE,1431.00275168895
37.294142647350846,127.12754037402335,1553.7807617334804,24,IIGFI,946.6007911607938
37.10160111812469,126.92033940310823,1575.314790559977,40,ICDIG,1345.8406996981398
37.11144221937431,127.1813410109626,1590.6116038457285,32,IIGFI,1350.372696934239
37.19200109357027,127.13670701037229,3257.911527025765,32,EACGE,1802.0407940347159
37.12183045536437,126.72890363039477,1837.6088993969718,40,EDEAG,1163.36196477269
37.161105529606814,127.01710699851192,1955.9797367881513,42,JACBH,1647.0098913810584
37.02315435637046,127.0410331606358,1713.2622488420584,73,IHEAD,1683.7851226986697
37.23181633511432,126.764460823973,3569.7267729809555,24,EGFBJ,1497.353410710307
37.00406125629657,126.79579557565566,1944.7424819372748,32,GEDAE,1121.6086185669174
37.13514155035605,126.95601332705562,1558.8685070706465,40,AEEDH,1609.750181973749
37.075754509824236,126.70812938552417,2359.210277688549,32,FHIBJ,1535.5116179165234
37.174779240500385,126.74097787385205,1989.3937207524682,32,DCJJH,1688.7439164798857
37.015511989934225,126.78699394372195,3480.9854541725067,40,FHIBJ,1245.6054971905123
37.1127944448276,126.85386600116864,1810.7105238701693,24,CJCBC,992.8472929085054
37.00833368753271,127.0981869663031,1513.6988501259548,40,DEACF,1296.9041485295397
37.208067656157276,126.9573538248854,2213.2024663821685,24,EACGE,1420.4998211370726
37.145812087374395,126.8609658024466,1632.637872112969,40,DAHBD,1062.4862133354645
37.17832354834265,126.90156997997543,1573.3393053423981,32,JBCIJ,1827.0167117976057
37.128033484165755,126.88460208549705,1632.5206332177488,32,AEEDH,1891.326230766776
37.17358529586563,126.74796365552285,1876.0443345124324,32,HEBIA,1895.8074283090166
37.072885645565265,127.02587662158417,1791.4514948018677,73,EDJCI,1277.3770949611658
37.14274665869516,126.7385328813605,1631.8920534202766,32,CDBFE,1711.2597557949969
37.039239643744665,126.95124931594962,1746.3091541708475,24,HCCBB,1852.828935390653
37.2353823558038,127.08625591345596,2379.1967385556495,32,DAHBD,1644.2041291573848
37.272338119003074,127.01659307371409,2782.1902007781728,73,FHIBJ,951.9975305194655
37.169259054030796,126.78470406213414,1834.503293004389,24,IIGFI,1855.1459035999503
37.01877561064087,126.70692652685827,1820.188782444296,60,GBCBB,1514.4721924794028
37.13316306153627,126.73273058716683,1667.9419790410152,40,HHGCB,1031.4830991427173
37.08359579694111,127.1072379858055,1603.3431196685563,24,FHIBJ,1182.7656986475324
37.16615957780265,127.1269582283512,3524.289290246566,32,FHIBJ,1139.051299627449
37.16101692913423,126.75402233356877,1874.968999846882,32,HEBIA,1195.1066094241608
37.09774039050207,126.91767500068633,2740.800121428684,42,EGFBJ,1126.3313523029638
37.075770008896946,126.77684389470771,2597.7665499187265,24,HCCBB,1409.2446093044207
37.10837980772157,127.18237465341501,1573.210418819568,32,HFIAJ,1606.8289575292142
37.28375350338854,126.86781251758518,1757.6703576390257,40,ICDIG,978.7805982053528
37.12905526526786,126.89804075260085,1929.1187850096317,40,EGFBJ,1705.6330040379416
37.12944280130974,127.18715328445685,1601.4091419177323,24,DEACF,1684.5160563915979
37.08249628971108,126.73308349029394,2531.3086916709303,32,DBEGD,921.2971219506612
37.01385765806815,127.0577881549343,2379.748248770356,24,HCCBB,1777.2841419697024
37.175104054113675,126.85198178838111,2037.7136730988886,24,DEACF,1622.648848072776
37.013894147894305,126.80806132409136,1919.8852036187716,32,IHEAD,990.2474544138889
37.01409168091752,126.99563767323038,1810.9201709503222,73,IIGFI,1388.0816793167821
37.258221942035696,126.78318961223044,1574.7132492734986,59,AEEDH,1294.637450955923
37.276403075649306,126.9354084161263,2116.051081826536,40,CDBFE,1014.6847655830128
37.17355165827029,126.8455120917118,1616.498751040131,40,GEDAE,1622.1253970677612
37.06385875038383,127.02245703448824,1990.1503009008861,40,IDCIC,1189.5860079114134
37.109558085415394,127.18654726889335,3541.0322973531242,40,DCJJH,1145.6159024665237
37.044701620674005,126.78438646203793,1992.3673971860867,40,EDEAG,1704.057089013496
37.09325503372526,126.95457862838553,1878.2160262837444,32,JACBH,1694.630181646808
37.18053342800039,126.83561617198713,3535.546524431148,40,HFIAJ,1713.5246061285798
37.12086925872753,126.90633005519766,1932.8701452102507,24,DAHBD,1876.8131971922362
37.297179165221195,126.93148482250074,2338.7206304469037,32,DEACF,1886.3588699739248
37.11287539703453,126.75301401339033,1768.8096945905586,32,DBEGD,1621.757575673432
37.213537167229035,126.71492063246647,1751.1700349815778,24,IDCIC,1699.4487875025452
37.08108273878932,126.72098001142025,2401.974610566233,32,GEDAE,1481.6953846046451
37.0581533735562,126.87788356108709,1910.3898181125496,40,DBEGD,1607.3015582588478
37.23006752135121,126.79757353025336,2429.63348142434,24,JACBH,996.8050734259466
37.228894698993535,126.8497825560173,3630.544558322618,40,HEBIA,1779.1036238996871
37.063287898105884,126.88758807285713,1548.827763490742,32,EDJCI,1189.2562562762344
37.14175864613039,127.16531889481224,1915.0886624145949,40,IHEAD,1769.3369244688743
37.10444976457565,127.19876370230924,3317.3143128448555,32,DBEGD,1446.4390369791136
37.05702027804383,126.82382944639603,1721.0546328113023,62,JBCIJ,1632.923851852563
37.022186591809096,127.09731422363751,2990.714146417092,32,AEEDH,1207.436093491362
37.125169712510434,127.15655508669316,1539.6438093842937,40,HFIAJ,1537.1412470197
37.11659845287255,126.75503957854151,1733.3376430245303,24,IIGFI,1568.728960421021
37.02582435068014,127.09831462208618,1619.8823469357371,40,GEDAE,1285.6277282987994
37.273039368824826,126.99123997136132,1700.779866276562,40,IHEAD,1733.1411295197895
37.05157435954828,126.75513978026153,3350.7982492569427,24,AEEDH,1669.0228200063914
37.14032775680539,126.87572512587879,1684.324619873079,40,JBCIJ,1830.3378341985795
37.05891307051179,126.77164715530586,1582.052704397985,24,GEDAE,1448.0206915239494
37.07802293759427,126.72438378317264,1979.724991023922,32,GEDAE,1298.0374124992882
37.1941477345103,126.87838002000393,1857.2203487453148,32,EJAIA,1340.162647938027
37.18571882838128,126.97629863603422,1855.436895023789,60,CJCBC,1574.2388349991438
37.24601233357133,126.92955898861084,1706.0512756844212,24,DEACF,1114.1657409666939
37.216431766986396,126.91154334985578,1905.5094670612355,40,FHIBJ,1709.6824286869753
37.01961859143078,126.82507520683414,2514.741018773613,32,HCCBB,1554.3485902677685
37.27949673035809,126.92519713247191,1575.5552305954016,40,DBEGD,1460.9340463230023
37.0612268824067,126.76112727683352,2369.281320305663,32,DEACF,1163.8048340607488
37.07505789552983,126.82982272779996,1711.6457008169245,40,JBCIJ,1500.997724255432
37.243671227513765,126.81545293694323,1561.4698650297423,32,EDJCI,933.8075492579902
37.04554707288496,127.09297558876742,1563.9511558340262,32,AADGJ,1485.28212033115
37.14905331796429,126.75337389776978,1676.188819699201,40,HCCBB,923.0092379363439
37.2224484155473,127.03045989168665,2200.5316375319517,58,HHGCB,1847.8331591924489
37.287420252631215,127.16872369939594,1533.6201292495905,32,EGFBJ,949.0297383893927
37.039796192954476,127.18645812801913,1937.31804446042,32,JBCIJ,1678.134788538556
37.08989791453717,126.769930697611,1525.667096483866,40,EJEFI,904.6290538306587
37.211065108805485,127.18612116617139,1580.972517993724,60,IHEAD,1467.2079076244472
37.27786272517566,126.85495472582205,1885.9642539834945,32,CJCBC,987.923318446989
37.21515792756854,126.83073460006635,1790.6943877847038,32,GBCBB,1247.4683545474527
37.2865176886033,126.90787427602878,1827.6500805317337,40,HEBIA,1524.3724214965464
37.05412004733631,126.99179632282261,3041.6997198337076,40,EDEAG,1337.6163721147605
37.274704641828485,126.71597256801361,1885.846453258999,40,DBEGD,1548.4323856687474
37.07996307660182,126.97244084664855,1688.082496045344,40,HFIAJ,1762.9999433052153
37.296951963567196,127.0068181785246,3071.3148851414808,61,IDCIC,1583.4344102402838
37.09054441838625,126.90293383055233,3543.970383456336,32,EDJCI,968.7219238733495
37.24489559502022,126.92200529434065,1555.3690794008955,24,AEEDH,1241.950623999019
37.077331191609815,127.05322379775342,3636.073311149661,32,ICDIG,1432.0152546054474
37.268065515369386,127.01221723080506,1645.1289489611454,32,HEBIA,1256.2717440376941
37.13788979770327,126.81036479746888,1948.4715443803773,32,ICDIG,1254.7448230963405
37.03518501402025,126.82157879369362,2696.3890923610006,40,DEACF,1792.1164823385184
37.01077786579342,126.85103889127318,3286.118487921408,32,AEEDH,1011.5198010521287
37.04251907467233,127.07609853520982,1833.7391885382308,32,AADGJ,1028.1338673363882
37.25584092624812,126.93849085374409,2986.1612110952274,24,EHCAD,1821.9630171130316
37.25836347176966,126.98580181901703,3645.617922550081,53,FHIBJ,1792.005603953934
37.20337821243282,127.01903479136,3164.2996393007347,40,DEACF,1672.6889868049732
37.22068968024,126.7540034217134,1852.895865535756,24,EDEAG,1270.9698572427878
37.102096759895204,126.84117762249878,1586.3069456072915,40,HFIAJ,1774.2837668897287
37.107687840967635,126.75373457228957,1766.1063232270396,24,EDJCI,1274.6230371239499
37.12185489146416,127.02258007752792,1893.1368268697613,32,EACGE,1743.137636833468
37.068146958227196,127.10883779270127,1728.8583123794817,40,EACGE,1586.4630444472173
37.27005456873721,126.85701804818794,2885.4956811134466,40,EACGE,1856.849032305741
37.066714640894055,126.91127661583106,1895.527544493074,32,EJEFI,1789.0217723935166
37.22029003417536,126.713256655645,3388.5791752687414,43,IHEAD,1706.9821109054446
37.247714684396406,126.71039339894182,1520.1414086100306,73,AEEDH,1638.8132594657666
37.12101284442735,127.12711184611686,1703.084838035897,40,ICDIG,1086.3453119380451
37.28979973009944,126.83146148213454,1511.68488736401,24,DCJJH,1663.2479624760672
37.1631223176126,127.15030147862969,2843.4235324912397,40,JACBH,1439.8023752339918
37.070089273635034,127.09013163941627,1883.2725449525385,24,EDEAG,1491.940794477736
37.26251225454789,126.74338666721414,1698.781914686556,32,DAHBD,1496.3706425125401
37.03118080068553,126.97185734911334,2536.835676009044,32,JACBH,1380.686299233888
37.04415924419246,127.1883611208868,3056.6411683438328,60,DBEGD,1450.7017841553698
37.00698836875307,126.90239077838619,1939.326384217573,73,HFIAJ,1631.6272193304414
37.239909874215456,127.17506769520851,2207.4381401274372,32,CDBFE,958.456766706978
37.275241366258,126.89798222342664,1631.8746160574597,40,EJAIA,1310.4482599184569
37.266175389965746,126.73140817417722,1522.7499806900857,49,IFGCB,950.8906716278731
37.07599938482169,126.94242588137112,1702.502250866744,32,EGFBJ,1025.197013547914
37.158420352819235,126.9375493715533,2465.7710967751455,32,GEDAE,1139.7829174015485
37.05417583444533,126.89671451097817,1929.1583333437202,40,EDJCI,1340.7841929636834
37.11507865615687,127.17738161675888,1966.6994426302963,24,EJAIA,1319.3123167833194
37.25622292237944,126.88206686352366,1535.524228629596,24,GBCBB,967.1213965445212
37.15992842457311,127.15927312329646,1877.4837496484288,32,HFIAJ,1011.8171700350279
37.230349805249624,127.00257043293647,1679.2919909849936,32,HCCBB,939.0032062480731
37.03315969580026,127.01822889775842,1522.2545012531448,40,CJCBC,1417.2456378552993
37.26460319096106,126.91454024596048,1780.2001794992066,24,ICDIG,1518.08183931047
37.29823900716497,126.8021181273101,1611.113867053747,40,GBCBB,1870.9358401652094
37.24663604964062,126.8357779147665,1865.8551106056343,40,JBCIJ,1528.6964496874848
37.27351463535306,126.87182441918182,1728.7918123568745,32,JBCIJ,1371.3485063972835
37.10215877381191,127.07951313720419,2214.02041796332,32,HCCBB,1484.3705335550435
37.07378776567717,127.14242173297913,1747.8517609357011,40,AEEDH,1487.776399720167
37.25920052575298,127.08756851510175,2533.6299459679103,32,DAHBD,1664.7048996684453
37.16456908124837,126.99822798312921,1903.6136460589437,32,GBDGG,1498.8552084363882
37.25725776887247,126.76134856250941,3355.8540491349863,24,AEEDH,1802.4221568724683
37.123165489555824,126.9219670507068,1912.3032911645114,32,HHGCB,1587.6966101385651
37.00454483986673,127.04797015050704,1954.7999451354415,24,GEDAE,1434.1338656339935
37.127718157961226,127.0198879104085,1630.969860444267,32,EJAIA,1276.5972087930893
37.15958362351954,127.02346399439737,1626.5573761844594,40,GEDAE,927.4069817923408
37.049525905726604,126.89157073577215,2933.197073571112,24,FHIBJ,1144.3043002806103
37.129614046521915,127.14300260710235,1646.6847687520067,40,GEDAE,1179.1608306853695
37.12640168031685,126.88745149777542,1683.0640621149923,57,EDJCI,1101.5641967744143
37.27990550178312,126.79086909479726,1585.6645391252805,24,CJCBC,1266.6460601888152
37.2764319675329,126.8039738077706,2562.2421451349173,41,JACBH,1111.2360931355795
37.04330164263343,126.86638364115979,1670.550651823423,32,DAHBD,1854.3604185551403
37.226559845612435,126.75656574002757,1934.1767601851038,24,EJAIA,1293.1725572278233
37.290365725906994,127.13932739950731,1521.230876338287,50,DBEGD,1038.7527076248793
37.15953043547401,126.95013695045807,1996.3346669189127,24,HEBIA,1191.647127732234
37.04732195261995,126.82490630043188,3085.601312747888,24,EGFBJ,1255.592463814563
37.13729977359854,127.10267920892854,1973.4825830500977,32,IFGCB,1463.5785703242452
37.15726177453471,127.15756461966336,1838.4903929265156,40,GBDGG,1441.6549578267316
37.22903084055538,126.8572276677691,3677.7476169548727,40,JACBH,1602.8070139630508
37.00159309295243,126.90061741242248,3248.7914607895846,40,DEACF,1015.8046738660483
37.16428016355238,126.99854509942323,3795.5313806205163,40,HHGCB,1049.2323911266644
37.19417685883639,126.73332581010561,1977.2910120700171,40,IDCIC,1407.4859871369936
37.29531534327806,126.7031908024465,2120.9556624208653,46,IHEAD,1106.3340095960698
37.214740869849145,126.99248127163948,1531.0673488265181,24,EGFBJ,1025.4423653703798
37.12709559553845,127.18324425899378,3538.0416584232667,32,GEDAE,1770.0160495184343
37.14609122152651,126.937896355363,2146.710593549099,24,CDBFE,1632.6177793172865
37.258474453590566,126.75261709441176,1788.4272215571984,24,HFIAJ,1657.7513751617153
37.28030823217729,126.83383885629648,3182.269154489738,53,ICDIG,1358.752723403487
37.27523909728865,126.72945427921951,1646.5739599043873,40,HHGCB,1578.7297521684718
37.14603870121055,127.14839196703971,1956.0795236056028,49,IIGFI,1064.987869374371
37.2004293514824,126.80982229408428,1619.4077375652487,24,JACBH,1471.7440644324713
37.13869586372595,127.04082544180683,3413.865605889344,40,DAHBD,951.3614458688141
37.07064030558705,126.7622797645672,3063.6005357423437,73,IFGCB,1696.8602203950795
37.22177488351854,127.16709769106323,1523.9109628577564,32,CJCBC,1322.6430573841947
37.137145160832226,127.1790390081195,1940.9016898197283,32,HHGCB,1000.8542506876361
37.10650656308245,126.93259005310279,3452.3250753656866,24,IDCIC,1383.5746699667752
37.06598813028618,127.10022603059952,1754.1995367053992,40,AEEDH,970.8868438568497
37.13855613851421,126.93160561789394,1853.8128565524153,40,AEEDH,1618.514001452535
37.07641459031231,127.02804188258114,3209.8099934564634,40,EDJCI,1583.3164997728632
37.06755797621008,127.12123504742966,1876.5336592016565,48,EHCAD,1421.8653485366608
37.02239233225614,126.72329503145896,1942.6375660418664,24,HFIAJ,1404.8692724084833
37.149819440963334,126.85681164756747,1606.5698531166597,32,AADGJ,1098.4394539794753
37.002727615743304,127.04981338186414,2282.9736964806752,40,EGFBJ,1505.1476561030788
37.16231965521166,127.03930541206131,3610.7215322257925,32,DEACF,1639.3758788066093
37.24462254808752,126.86152234042366,2000.9697856928703,32,EJAIA,1815.9314857063437
37.01265646492616,126.83752274914849,1794.5210395636072,32,EDEAG,1159.141099064578
37.16424987019955,127.1755488800039,1715.265293928287,40,HHGCB,1045.4698822161502
37.212706343725195,126.72226554483545,2119.734973644498,24,EJEFI,1764.5253556604039
37.06969865565863,126.98596468857443,1897.051131163779,43,CDBFE,1345.2476604852234
37.10715798958989,126.7309291549169,3450.1273968313003,32,EJEFI,1819.2034203128396
37.05572313217832,126.88525285658338,1569.5755557772447,40,EHCAD,1464.8591319135448
37.10682405456736,126.91184148160724,1942.936294620196,32,HHGCB,1367.6609773332452
37.292151916504395,127.17637999769688,1902.448088096221,40,EJEFI,1095.2218284300093
37.0291074998499,126.72721636132484,1764.8374738454008,24,IHEAD,934.4291699030325
37.08546795091167,126.87813679676442,1732.6519549397467,24,HCCBB,967.3445093013505
37.011459869475345,127.03035389145676,2824.2471647963016,32,GEDAE,1126.9691690664135
37.010581118840655,127.10467535690901,2321.6762030101854,24,CJCBC,1547.1448161418334
37.14267252816696,127.07563303357891,1519.1196555114254,40,GBDGG,1471.9299032541462
37.01746894624575,126.71799399860545,3615.75305173535,32,DBEGD,1492.6780408007944
37.15111551852698,126.76047030275389,1993.7155371573665,44,FHIBJ,1412.0796863124128
37.24165607318788,127.17202525853297,1908.0550781108923,32,IFGCB,1653.1895327119737
37.07914069812632,127.05588905712662,1869.7203010067587,32,GBDGG,1208.0147431713333
37.01154269531606,126.77277425084033,1960.3451364678183,40,GBCBB,1359.8997137517576
37.12751723463546,126.90175099958704,1601.676082596879,24,EDEAG,1386.6369862552747
37.216356702037984,127.00713229155878,3090.0539308613515,24,GBCBB,1150.5623832261067
37.10929738014325,127.15515332611162,3600.2908597409196,32,AEEDH,1217.1800967867969
37.21249050654824,126.86085441471401,1848.0569713525215,32,EHCAD,1479.1378856033598
37.21430062047657,126.86451709897946,3423.319958174823,32,IFGCB,1600.6992678516676
37.062949991349065,127.11651585177694,2453.5516891272323,40,EDJCI,1016.9198671244386
37.14632724130757,127.04865446256849,3568.4667240396384,32,DEACF,1853.3996202881203
37.11664175901152,126.81519026055607,2852.677455244452,24,EGFBJ,1379.1657378060725
37.24900666113233,126.70846060919936,1906.5252611993135,40,EJAIA,1835.1281745860358
37.15627348862249,126.8890745493296,2746.119012745673,73,DBEGD,1502.2711452447695
37.14368560447671,126.8036379057671,1758.0681193662385,40,EDJCI,1262.643015815313
37.17029878705977,126.75898117488883,1631.638339853661,32,HHGCB,1371.0824570616483
37.202469823448695,126.8320996383443,1741.7016682279836,59,HHGCB,1872.5737825228423
37.28874796938191,127.06225449365277,1570.24035555806,32,HHGCB,1056.4118382291995
37.04018176130119,126.82821978028878,1842.0214664967816,40,GEDAE,1671.4501817965413
37.11675149067162,127.10728442394311,1608.171927362251,40,EGFBJ,1605.8132534440838
37.27214442766771,127.04660658421744,3528.31696791031,24,DCJJH,1853.7422579626573
37.11346131400264,127.07660896651501,3508.989507410458,24,JACBH,1098.7998705149935
37.28957071751157,126.82915106768732,1601.8464665937643,24,GBCBB,1322.4234854258707
37.284062810225606,126.87147245456624,1992.6968698308162,49,DAHBD,921.188648214695
37.244856430634094,126.89428460548481,1796.910842601945,32,IHEAD,1367.9087343305087
37.1141974669846,127.08315349274564,1633.4980534157821,40,HFIAJ,1582.579446850972
37.29756431171508,126.90391575789845,1747.2443160347955,73,EACGE,1115.809054431041
37.21991756879494,126.77821297713353,3059.6032590071372,57,GBDGG,1452.5256354275493
37.081156767287624,127.11370811402163,1564.6329142410848,73,EDJCI,1064.9462509077794
37.10417005483859,127.18616253797647,2295.5187717422637,59,GEDAE,1545.1380637081638
37.04273535256064,127.18868293308924,1934.0757226882645,24,EHCAD,1859.1964347841097
37.12134435447858,126.87827902489866,1628.1314920914435,40,IHEAD,1034.31126999846
37.015908551980196,127.03732499367361,1599.8286347390629,32,HCCBB,1255.6967131428844
37.01349198044168,126.97286019920645,1613.1706320577944,32,HHGCB,961.7664189024488
37.08918105702493,127.03069863316807,1678.6314284110063,32,EJEFI,1807.57125451356
37.064679337720335,127.13223692880518,3593.978646376687,40,EHCAD,1632.240907701941
37.19756085104221,126.82838064695926,2597.5073473529787,24,GEDAE,1671.2957214830194
37.02347548227056,126.72902665321367,3041.874407093417,32,IDCIC,1746.9763545630176
37.01784747737445,127.18854729753032,1511.271146990138,32,FHIBJ,1075.5054560381059
37.00030100656208,126.871621117994,2028.1329870409497,24,IFGCB,1272.9856209526415
37.125049092768585,126.79726230632062,1781.188983153404,32,GBDGG,1330.2749997261444
37.23815374304954,127.13996879650682,2573.1644082700404,40,HFIAJ,1705.5762141046641
37.270261112411404,127.0005065735927,1947.7818701223334,24,EACGE,1164.628042576048
37.24851753497838,126.84870659339266,1901.3117193866412,40,EHCAD,1489.6119865382543
37.0834943395086,127.19779760711694,2507.0585919016185,63,JACBH,1478.5504856062598
37.20448821670942,126.88818949260637,1506.0830304136455,40,GBDGG,924.6847926004074
37.11155973130253,126.73929977222491,1672.649915043305,24,EACGE,1458.788527408482
37.2547921972524,126.89277536377952,3014.9594745306636,24,EJAIA,1281.1740157081617
37.088724330601906,127.12506603378749,1980.36441433093,40,JBCIJ,1132.4300935479478
37.06727732466667,126.77984362073724,1953.6414386641236,32,EGFBJ,1743.612076680321
37.2015229873433,126.9634005936834,1612.2586615686773,40,FHIBJ,1554.7403798130358
37.25308789524155,127.05724869281663,1705.4383425294102,32,IHEAD,913.0865419749657
37.268810835775795,126.81997295176349,3100.07225454156,32,EACGE,1374.2843813302904
37.00145020551665,126.92357499587827,1990.7411319331643,41,HCCBB,1896.94586871187
37.09633796784157,126.91675903192584,1635.2750867379448,24,IHEAD,1686.363995431379
37.04910160124245,127.02717968405412,2357.821358433782,32,EJEFI,1531.4243154794608
37.16798852152954,126.74113686709522,1514.402130074899,32,HCCBB,1399.685619203052
37.225390018543514,127.07066091949173,3344.218874166444,24,DEACF,1318.9658662984398
37.14849596895043,127.05213449294772,1642.8690619649706,40,HCCBB,1278.0942328684307
37.16266161158048,127.092284891681,1980.8969928983965,73,CJCBC,1373.3967746509302
37.169826358018554,126.7793565188449,1611.6698628213064,57,IIGFI,955.5783100727057
37.192429990688375,127.19393667813756,1666.441677052126,32,HFIAJ,1400.3245544277079
37.24153597603726,126.95565611289524,1698.6142414503024,24,EACGE,1541.6161524968088
37.001276680285606,126.95452962085032,1776.9085243521645,55,HHGCB,1829.4889906663477
37.08570086656889,126.71128843760685,1863.2301585564035,32,HHGCB,1187.1131522689063
37.044485810922,126.76595104532805,1618.8573345093027,32,EACGE,1560.5826094824292
37.24777658918311,126.84523454202068,3714.2129851664467,40,EJEFI,1433.74416130909
37.0430385999737,126.7247312797899,1673.8280323794352,40,EHCAD,1191.0381725323891
37.20083058300795,126.80454928477832,2323.3575753072973,24,HFIAJ,996.5361289748149
37.13761869943657,127.15590895334431,1514.4118596225044,40,GBCBB,1611.8158107372142
37.17949061247847,126.77878390070353,2599.6100675809234,24,EJAIA,1623.2979625107882
37.20087710718489,127.19167634255555,1795.7614035257511,24,DEACF,978.2030308399793
37.223062241694855,126.95805233596114,3261.215854343562,40,EHCAD,1705.0883774556064
37.25700764616618,126.91999988045191,1798.4630102556212,32,EJAIA,1723.4384641801007
37.02951602307397,127.1101614647007,3545.2530963240397,24,DBEGD,1647.0684170390905
37.21068354330437,127.18289364107619,1522.0776203875103,32,CDBFE,1700.9592392649802
37.09900695094037,127.15978802548551,1741.254507430651,40,IHEAD,1239.1852782837418
37.13027763042495,126.77386953354655,1706.5472999452688,32,EGFBJ,1778.3617036495416
37.273838822836545,127.05860144862675,3052.449147352814,24,DEACF,914.1651628927517
37.053277018322035,127.03095542417417,3735.160042364191,73,ICDIG,1483.171936637345
37.213148512551044,127.1764282415673,2876.0593553734343,32,DBEGD,1228.013235205965
37.14681009189157,126.73317535111634,1720.1278674473529,40,HCCBB,1297.6203724921484
37.203892937373986,127.18027932250355,3616.6475939759757,32,EDJCI,1681.0749486072941
37.14789998511379,126.96984533919198,1623.1862290024128,24,FHIBJ,1392.162922125734
37.06903222803305,126.93880426803665,3799.7416868844284,44,HCCBB,906.4722822896734
37.07224127808001,126.81993115403951,2189.8495670294405,24,IHEAD,967.4369280469185
37.24770539593639,127.03733443357476,1895.234296081513,32,HHGCB,1648.6744256840718
37.256496924725425,126.83768665247862,3029.58371874945,40,HFIAJ,1282.6056940748633
37.15656376353878,126.99260288169828,1939.4090239145235,73,EJAIA,980.1390355515142
37.018083267876,126.99171898002396,3369.760504593507,32,IHEAD,1213.0445271576932
37.0389431052418,126.84767601222127,1890.1984884142776,32,HHGCB,1215.966101592267
37.143317028170344,126.97773565460565,1853.383146460432,32,CJCBC,1308.24031853868
37.06627148956121,127.08930025523159,2432.704264129502,32,IFGCB,1293.5407044771723
37.290598622904724,127.09796960373446,1960.888917786558,32,IDCIC,1593.7398289560854
37.02886144668103,126.84718162934641,1576.6821221124292,40,AEEDH,1558.352097520949
37.29814377603564,126.73732715248376,1901.5977545441585,24,IIGFI,1351.1022179558447
37.26474310235313,126.80540779208593,3530.75972192015,40,JBCIJ,1415.6640266132304
37.22154133918497,126.77109717674423,2703.1653897288165,40,DEACF,990.2909267628213
37.12337654129208,126.81647405811431,1928.8364119586386,40,FHIBJ,991.2751540359179
37.07048043550147,127.08645463640862,1748.266949366642,32,JBCIJ,1083.6949701495319
37.2874425998655,126.74309042997857,1924.2160802750325,32,HCCBB,1447.3006589480478
37.06282286231108,127.10578564324031,3604.778746547827,40,DCJJH,1762.4409830696734
37.106248243972765,126.80174898544017,3572.668731062242,24,DEACF,1036.6097918302567
37.072270815692576,126.9743193554036,1819.0457191855958,40,EDJCI,1694.3850136402168
37.09819052886956,126.85421061646706,3287.29479009808,40,HHGCB,1600.5825486516906
37.2936362363557,126.83125108771371,1634.5724286719894,40,HCCBB,1821.3346152739405
37.1220818675921,127.11811137558927,1516.9680349966643,32,AADGJ,1890.5200565898194
37.216490305696894,126.9298523414427,1502.7518484169375,40,AADGJ,1888.386805186878
37.20577069072325,126.8992312463519,1784.3876258287546,40,IIGFI,1567.3768973670478
37.08391228587117,126.74197582293213,1696.124930236988,32,HCCBB,933.9516171848949
37.24316858030607,126.84305905708791,1740.1416955177879,32,EJEFI,1685.8198255143043
37.001195154213576,127.1035864672728,1758.7424909387912,40,FHIBJ,1553.7336634168996
37.09233749967632,126.82882109765144,1960.2641530426981,40,JACBH,1466.4089417799023
37.208401669818976,126.86865253078018,1635.7475728439704,24,DAHBD,944.9731386514317
37.08758370523112,126.93610684460197,1975.6561119470148,32,HHGCB,1325.0495175651893
37.17841513887167,126.90135903659923,3206.2569875987456,32,JBCIJ,1402.9424644995815
37.11491627065057,127.05154144974978,1557.5435576853176,32,HFIAJ,1550.037232616909
37.271203801237846,127.09909635897513,1816.6482083201727,24,GBDGG,1049.1752628728875
37.233769634014166,127.12714588855891,1648.1377778276044,24,EJAIA,1519.0634606094868
37.0639450854234,127.07884592963211,1520.0147690378044,32,CJCBC,1054.5360607507528
37.08204091555496,126.95805097980339,1968.1420605229125,32,IIGFI,1630.5199833646836
37.276159317397195,126.92339557619654,1645.7933178814708,32,HEBIA,1430.6038035517163
37.173890219884235,126.73937261244232,1656.959972050167,56,JBCIJ,1201.0718536244667
37.09369499350605,126.73735298591312,3406.0312421456224,32,ICDIG,1891.8195515859952
37.2027010292533,127.17465825186923,2126.4891657343446,24,HEBIA,1009.0549150655845
37.237109741679774,126.75353341531384,2882.7907946812566,32,HCCBB,1397.3264431351886
37.14619880352581,126.92021556095656,1837.4625569246916,32,IIGFI,1657.5728279715127
37.26008960051235,126.84117122077302,2024.6042583729984,53,EACGE,1384.4377003649204
37.09841618341925,127.14023243246167,1910.644112160785,24,DBEGD,1577.0276807174203
37.113816542740416,126.87120802457531,2369.9211495757795,24,EDJCI,1098.3203183969379
37.01021421479684,127.0346038562462,1680.6302105542875,32,EJEFI,1499.1135947118369
37.10074807210055,127.04961802136165,2536.792306792506,53,EDEAG,1771.0607563652688
37.21063826234597,126.90214640373,1647.7392659028062,24,EJAIA,1777.3197617798348
37.02688341203806,126.921716136997,1665.869452155803,24,HFIAJ,935.0426886653407
37.251661256156645,126.98323599754752,1625.994909700418,24,IIGFI,1106.197702893133
37.179375912399294,126.74448762882716,1897.2818261946761,40,HCCBB,947.2535264996907
37.2032682789895,126.80927564634482,1891.1673696421635,24,EDEAG,1123.1425218578809
37.17065481189202,126.80145657900806,1739.4701117896614,32,IHEAD,1087.4104992201744
37.19910685799605,126.97853933591033,2608.5646850764924,40,DCJJH,1068.1389840404486
37.072575183534646,126.74600019226737,1561.2497155219964,24,FHIBJ,1886.8744207257691
37.11167375804405,126.73238199835653,1923.3244338185998,40,IDCIC,1713.5135835297317
37.05224980199358,127.11794446892276,2043.34206381488,40,DCJJH,1398.7262138901892
37.12152456339582,127.12818211421052,3033.5665074091357,40,IDCIC,1083.5081176773454
37.153196512708995,126.89919114996859,1867.8305948087552,40,GEDAE,1366.9608356493568
37.19488178170632,126.91115717930172,1609.7541537141296,40,AEEDH,1328.4842105610894
37.12890692625005,127.13897756839059,1769.1505171973326,24,IIGFI,1000.4775128046975
37.119048752799536,126.98485797213874,1856.4979321210828,32,EDJCI,1041.0799684632807
37.29701419968838,127.11144773018366,3048.6324271226467,58,EJAIA,1393.1340116678518
37.23548516417372,126.933541123552,1979.5423371846598,24,IDCIC,1550.5217520944261
37.05804069538237,126.8264632069392,1872.1627449697996,40,DAHBD,1639.7368207909365
37.072914851171056,126.79237108012599,1578.4504655996107,40,IIGFI,1390.026555672843
37.12597872916365,126.93641770679665,1808.0654619355387,32,DEACF,1626.058421591386
37.292618651193095,127.17336071494557,1857.7830424314027,32,JACBH,931.5791682204732
37.23914665688183,126.9388442883908,1621.7801666254286,32,GBCBB,1424.4037203500957
37.16977901540799,127.06292134900796,1890.518539140302,32,AADGJ,1454.1444464015804
37.200986473255305,126.95152651646106,1563.1846457295148,32,HHGCB,997.5892189861148
37.18932303215158,127.08709674703968,1578.5958410302924,32,JACBH,966.1912299776742
37.13537182877331,126.84023570667036,2270.7166731210714,51,EJAIA,1588.681884613964
37.22575221641761,127.08746450027041,1626.692919262229,32,DAHBD,1063.7877836196578
37.06138738398164,127.11114198963766,2769.796141378005,24,JACBH,1244.7449493271836
37.066249308611816,127.09967832254816,1797.1655077688997,32,HFIAJ,1741.751125878081
37.016194393841694,126.80282716087596,3189.049382861189,24,EJAIA,1801.6641316960422
37.18116716915511,127.0082808965911,1881.3737527898045,24,AADGJ,1400.847986883965
37.213377399922145,126.89777963064657,2442.681165511397,40,HFIAJ,1186.5090881785495
37.11464837356296,126.74568544175366,3760.8317235870854,32,FHIBJ,941.2139547446936
37.16947327266047,126.87053019489824,2737.759867371042,32,EGFBJ,1286.039180188506
37.01995663583515,127.1406160616147,1856.5209040854425,24,HCCBB,1225.5818238279392
37.017821072540556,127.14730778081035,1962.8112955058855,51,DBEGD,1377.2506540862255
37.294039792177806,126.79336850054857,3488.503888198541,24,CJCBC,1629.2881505840705
37.07405383320685,126.84698590109502,2956.4732681908326,32,EACGE,1899.7909926002626
37.25854912453221,127.18980421986451,1881.800621531887,24,EDEAG,1260.3423592986228
37.0849946364097,126.84464719241342,3538.823635369199,24,EDEAG,1216.5733137787752
37.12493812682412,126.89162145330094,1952.0836445771968,40,HHGCB,929.2843305423472
37.117582454733146,127.06046025087907,3415.467455719364,40,AADGJ,1449.6006408928781
37.05697952270318,127.18785915127565,1553.8803183580965,32,HHGCB,1502.5430204686168
37.24532592749219,127.13976834434098,3109.4154476966332,43,HFIAJ,1116.1692227014387
37.10369347405583,127.0295781318648,1790.0937014998763,40,HEBIA,943.7404122105127
37.21073151922489,126.86735942576217,1794.5474548588163,24,CJCBC,1132.3441817171815
37.233867928483676,126.71490126822617,3478.2105581650485,24,DEACF,1697.2936498376757
37.010199060787116,127.09816276700633,1730.3196628512885,40,GEDAE,1044.664454246499
37.29971321819631,127.03879438529717,1872.4869233753802,32,EDJCI,1582.8323516324826
37.063784773778615,126.75223222961785,1840.4046605977976,32,AADGJ,1140.6768337147014
37.188274988132086,126.76760814890694,3362.10574478828,24,FHIBJ,1166.2850657950803
37.12348957579729,127.06425593278294,2174.0957777464287,40,IFGCB,1596.4555834001633
37.20857701327522,126.79335503581525,1754.7403094838548,32,EGFBJ,1165.8725753079525
37.22947008231395,126.8989618431868,3654.380381063869,24,EACGE,1661.9910452376678
37.128622240121956,127.11693362821644,1891.249081109943,40,HCCBB,1765.4739535174745
37.21543932489895,126.87286460367568,1761.8397145468402,40,AADGJ,992.0800733015649
37.24330544224007,127.18612246324115,2072.4900871939617,24,DEACF,1347.901621925573
37.27879113678556,126.98177336110152,3739.0316242746603,62,HFIAJ,1327.689666013542
37.127951099895085,126.88739674806452,1619.7093725415618,24,EGFBJ,1644.001790461548
37.062697551858165,127.047769639078,1895.1949068088688,32,GBDGG,1509.3028556556474
37.01959450250626,127.0864937787504,1736.1215083017796,40,EDEAG,1767.0817113788498
37.15453870658177,126.9912680782535,1821.5153704371712,24,AEEDH,1265.1774786537737
37.04232805530819,126.85956883016436,2620.340531331998,73,HFIAJ,1756.1502242867482
37.19411226663056,127.1993297989313,1640.3250618670331,32,DEACF,1245.22230117128
37.008617487931716,127.15576260602406,1709.7451714678964,24,DBEGD,1370.3680084823975
37.01220599726112,126.86367100624082,2880.5317899424263,32,EHCAD,1209.5097957622615
37.16210856321981,127.08330687603032,2821.7515128185305,24,CDBFE,1390.0599865324589
37.16751027379394,126.71377488554911,1906.4644965802038,40,DBEGD,1664.9578986978404
37.2966977007926,126.7559681787776,1919.7102928686763,24,IIGFI,1078.2417144117699
37.228231683766666,127.1621345084909,1954.3518196732216,40,CJCBC,1865.3674957498033
37.16597980394713,127.02454648555786,3793.8224989145724,32,IFGCB,1113.4095888389195
37.25128172585863,127.04212006735237,2536.7686890298455,32,EACGE,1055.8314416437586
37.29642446521041,127.12404852024297,3631.0369147908423,40,FHIBJ,1828.242619531306
37.27618989492315,126.89953806793098,2462.5985032062854,32,DEACF,1347.8510299734503
37.09062307170706,126.96585218841635,1969.1254028265284,32,GEDAE,1760.672979667011
37.2220270029772,126.83297355242817,2527.4808684278573,73,EDJCI,1545.006681966268
37.28490999119293,127.07976910760522,1648.355088558585,40,GEDAE,1300.4048407865234
37.16767964584221,126.86994094653491,1788.3504932933306,40,CJCBC,1267.7003281243033
37.04614479813869,127.08824846207742,1881.8209459562531,32,HHGCB,1581.738270183132
37.042916565481896,127.13864079127418,1688.6348070306067,40,EACGE,1693.1214741858666
37.29129099711698,126.85969010321955,1628.560942356904,24,EHCAD,1755.1918875919882
37.08335704966148,127.16687457803182,2011.7766470622055,24,AEEDH,1341.9615375795404
37.14255768827447,126.95165562203044,1552.3064833539947,40,HFIAJ,1671.9011152717721
37.230262268460315,126.93153573227245,1900.2077920681713,24,IDCIC,1561.1624885066888
37.191584112525405,126.88501237015102,1883.8027215255922,40,EHCAD,1330.636091826897
37.152419617689134,127.0106574976014,3603.7924379214546,32,IDCIC,1439.9041238779428
37.22014823997005,126.77337470577122,1934.7551440905067,32,ICDIG,1000.8333139384699
37.271128665379905,126.99664921535938,1868.2451897535705,24,DEACF,1517.0774933477094
37.06951480859476,127.12198505324498,1613.7301245312906,24,JACBH,1614.2045975256347
37.13650089282862,127.1020391182382,2483.2208980700384,40,IFGCB,1521.2440415151345
37.0575304000154,127.08119503104612,3498.74027663325,40,EJEFI,1671.616084930671
37.25691231564586,126.86600298223085,1942.7535399227936,24,IFGCB,1441.360453667145
37.166166419851194,127.04295396220763,1505.4268816980223,41,IHEAD,1100.1733546819025
37.146932298516745,127.14691042402272,1832.6385567205448,40,GEDAE,914.1835365734235
37.20904807014513,127.0405451658914,2687.732592011454,24,DCJJH,1709.4199470365002
37.12475101069259,127.0007436952747,1746.673904954147,24,FHIBJ,1864.075348129682
37.20099329451987,127.00133295092189,3149.038100429761,40,CJCBC,1293.793869614328
37.23390168905876,126.73152038822762,2771.5955507097246,32,HCCBB,1073.158843317162
37.220149490846616,126.7527628363289,1848.0253796347836,40,GBDGG,1467.8223803967235
37.1094191363127,127.03409183466508,1974.117801213852,24,JBCIJ,1529.7479711407145
37.01806299810436,126.80360216196645,1588.506816407795,32,EHCAD,1227.5558000606259
37.259090868363195,127.01774127223916,1748.7675886378724,43,HEBIA,1036.9225546783346
37.18128797697569,126.80476555534293,1652.3146283940223,32,AEEDH,1444.9819842988163
37.277599271437886,126.88788057012023,3498.7376621766934,24,EJAIA,1149.2175106541024
37.02943081970139,126.75933710944891,1827.4612108586825,52,DCJJH,914.1254261203296
37.223725961690384,126.74513588806873,1753.762216096994,32,GBCBB,956.2628382372759
37.04878432562692,127.06882672061982,3660.0587338717455,58,EJAIA,1275.0878865455654
37.059365740972524,126.72391001375331,1592.4645001829035,41,EACGE,1308.9513596003023
37.14665367375759,126.88434084569808,1651.8859522547539,32,AEEDH,1626.048437886599
37.20985250731883,126.73341321449969,1588.326225056983,32,IFGCB,1142.120969398506
37.184580982904976,126.80253708333346,1766.5041101263387,32,HHGCB,1169.7950601894422
37.178130931941055,127.14747589886754,3753.6375603893975,73,JBCIJ,1389.990678562152
37.05457812946025,126.96134148189209,1728.4127627044447,24,IFGCB,1684.776580149969
37.16558727896044,126.75512909758496,1705.4804427281135,24,DAHBD,1004.3208115635075
37.04107088556132,126.89180330710657,2086.9203738208903,32,DAHBD,1813.7693067850114
37.26982276306133,127.1001548085122,3496.264365600292,24,GBCBB,1760.7629124964476
37.27905497507786,127.12336518999273,1722.2604637336465,73,IHEAD,1892.580552208231
37.17799417738211,126.88792957521272,1806.8173742742267,32,DAHBD,1480.9221393211014
37.078978303756045,127.0168930234308,1773.8303651933895,63,FHIBJ,906.7933680744121
37.273896891361716,126.77895848962457,1535.3474277719401,32,ICDIG,1634.7442330286751
37.203434406734324,126.82529660500497,1816.2412522315076,32,GEDAE,1870.589020441082
37.161244969224924,127.08096179475929,1684.463950189132,45,DAHBD,935.5063049322542
37.05088528187363,126.86435040713181,1926.7260811507444,40,HHGCB,1474.563462953909
37.228059363503036,127.18717744113418,3534.5319845633594,24,FHIBJ,1718.8302275010324
37.26785177875979,127.01814433240949,2141.739480233637,24,HEBIA,1116.6849412107556
37.11218672005,127.06337762602492,1778.1698941661111,40,AEEDH,968.8101317972412
37.24677349271045,126.9424138212771,1743.026187652142,24,IHEAD,1366.7501126005113
37.26511977119463,126.98474256481882,1551.3281503057942,44,EGFBJ,1764.4879488698639
37.2794281769153,126.93587013665655,1835.655119684587,24,GBCBB,1601.6434045517099
37.172860671318674,126.9879966321811,1545.0013606415553,40,DBEGD,1779.864316697795
37.175041092645266,126.93287940566518,1749.8637441299065,42,AADGJ,1532.9357890370457
37.21731538124708,126.72841625989113,1863.200466692259,40,DBEGD,1573.5974818651966
37.17140397144909,126.9334876357603,1907.408295949048,32,ICDIG,1602.4941361284054
37.19376033809911,126.85677904747813,3792.9494047579583,40,EJAIA,1127.203552035291
37.22156716210933,127.18692743836475,1508.3618007518348,24,DCJJH,1427.1178305353856
37.107907486498966,126.87606263784,1988.251954659238,24,HEBIA,1016.984926684469
37.236375900227124,127.14290893481723,3737.268514520625,24,GBDGG,1086.1055550525348
37.25355070575814,127.11664060150225,1660.4708963856233,32,IIGFI,946.0854303414687
37.03380905936365,126.8501843529028,1829.8315047126023,24,EJEFI,1665.508119311479
37.05891328684128,126.93293884399145,1933.98439005569,32,HEBIA,1567.0673557776981
37.10899563592717,127.16523803133282,1679.4521281155032,40,EDEAG,1316.8190649963485
37.171823826923614,126.85260224211565,3002.1280222632904,40,EHCAD,1157.55092318133
37.20821649933491,126.80237851698423,1941.699206652716,32,IHEAD,1788.1467430899436
37.059896350497844,127.02858700837939,1557.655865202138,32,JACBH,1559.7997093101856
37.07722409301305,126.97606181209247,1746.0632243613663,73,GBDGG,954.5106542666819
37.109062073291476,127.13315947932838,1762.638709649862,32,CDBFE,1803.4938275019158
37.009968234721754,127.13477759186438,3114.1303583314993,40,IIGFI,1590.7317291613085
37.293296619034834,126.78800454175665,2825.6094569761053,40,GBDGG,1389.2685525275076
37.27601658176989,126.85270948606993,1692.9983112398265,32,DCJJH,925.0853640658213
37.062562314960495,126.94461902174343,1579.4961801779648,73,HFIAJ,1363.4146401946073
37.253971533050255,126.73931124414237,1951.8548892904496,24,AADGJ,1472.5970661703736
37.071325723582,126.79760343111754,3392.1810775323916,24,GBDGG,1486.2503831045556
37.08448105974456,126.85646640234654,1567.5855240578599,24,DAHBD,1190.7244659649518
37.24402941224032,127.16287290832359,3199.168502344012,73,EDJCI,1642.6168771168093
37.29859872194349,126.762996681456,1685.49246869616,32,HFIAJ,1039.9100588383324
37.29072473144696,126.7405856668926,1958.660062438271,32,HCCBB,1865.8429800839754
37.07716987153534,127.13799541659884,1599.4987749349198,32,DBEGD,1685.5261808073847
37.29791335998593,126.93351432252531,2961.908953029383,32,EHCAD,1031.2076461922761
37.165544272695264,126.96337388223589,1858.0487462114697,40,HFIAJ,1164.2130029556354
37.146843023150346,126.7406946176263,1509.7916351212893,32,GEDAE,1321.65844211787
37.043449937085065,126.93507357653489,2160.0554057370287,40,AEEDH,1079.1543373301324
37.203635144106144,126.86060981632795,1770.2495612422276,24,EGFBJ,1217.0507472302193
37.01544079875372,126.9476343380981,1846.8245958259781,24,HHGCB,970.2218374086572
37.26313160920823,127.02557229594701,2157.5548390760755,32,DBEGD,1278.2052401732997
37.20513207508283,126.82704514428428,1522.027464819113,32,EHCAD,1633.0371469250313
37.28130611725958,127.15316321800272,2745.313256091667,32,AEEDH,1298.753846477975
37.23914350477959,126.9160400727767,1927.6896559267066,32,IDCIC,928.6117170769683
37.17983614941654,127.16627395854933,1607.1138046773438,24,DCJJH,1279.2638653315973
37.027600247604326,127.16501528182,1951.9839968010167,24,JACBH,1759.1299067252598
37.26445069478289,126.90815909798008,1736.8349821201696,24,GBCBB,1584.509337248071
37.25507209889463,126.87277798532507,1930.6373284680499,24,HEBIA,1478.8609939536336
37.01754266685408,127.16388442205134,2982.8454093273112,24,GBDGG,1604.3262015297232
37.03892574739513,127.12613831541205,1617.7831175597626,24,EDEAG,1502.640641327991
37.06711172061964,126.91447116016779,2096.144705867141,32,GBCBB,1551.4470050636305
37.13115204344322,127.09891283703722,1887.7272110391382,58,GBCBB,1819.652161704701
37.195979617460495,126.76082127253032,1757.3460214049887,24,GEDAE,1702.0521431173202
37.22100916184095,126.77190496654445,2618.21642665316,32,DCJJH,1212.506198464729
37.041882362990684,126.95713069723817,1932.0024218271456,51,IDCIC,1193.4428391788233
37.22247672207564,127.13666682504177,2318.562188924385,24,EJEFI,1264.7285415539752
37.182610040532516,126.91719850344442,1740.886331772575,40,DCJJH,1689.8468461821471
37.02643811963683,126.97714147120931,1503.3027287892598,40,AEEDH,1787.736039671882
37.18995034771691,127.02148616303097,3480.145842702495,40,EJEFI,1180.952350893912
37.12383420955356,127.14183288957511,1674.959820223221,51,EGFBJ,1579.8466597492595
37.18859733858537,127.12874516464355,1551.0538561730207,32,EGFBJ,1292.7330075419666
37.25887559810804,127.01731892475516,1636.167813072791,40,JACBH,1297.4505665910503
37.262395074036874,127.16676264621077,2534.2701228846945,32,ICDIG,1403.547925140561
37.28718784238292,127.01023706927036,3602.3665080926758,24,HCCBB,1191.4899291342053
37.0727085647412,127.03001960128574,1582.8752148278131,24,EJAIA,1112.9754085236243
37.23671677611118,126.93898587730415,3434.920061722063,24,GBCBB,1126.6998228708953
37.15830405678723,127.10992230705673,1601.9542410583772,32,JACBH,1004.6120097714785
37.169877641257926,126.86305885545134,1583.8760253206938,32,ICDIG,1593.051312118474
37.11932905602088,126.81442493723857,1827.6441396362939,32,ICDIG,1233.358965492123
37.10974762461894,127.07032000126739,2652.60128365458,41,EJEFI,1862.5139605240984
37.145051066642615,127.17413269899596,1729.2288133270436,32,ICDIG,1418.8230117087733
37.22264041792985,126.93730690831437,1610.8405938456292,40,IFGCB,1768.932124463086
37.28198619842548,127.11784326186978,1532.1601817459823,32,HEBIA,1673.2418344631083
37.22571159602404,126.84325007832422,1997.1611382658177,24,AEEDH,1050.6025900326051
37.2254053092612,127.06524684442307,1873.1089782204047,48,IDCIC,1390.2227465726967
37.11784965043153,127.17279700716885,2473.654079033888,40,DCJJH,1188.7886569682767
37.19294070014199,126.78005393035563,1523.9305846024954,24,JBCIJ,1847.411962684405
37.204337442737724,126.75081456461223,1951.628911928193,32,GBCBB,1023.8794777414498
37.14519979774477,127.17174887986984,1709.2297025369849,32,DCJJH,1178.1073108492521
37.02719494236076,127.07558329280559,1778.5121461239517,32,EDEAG,1040.9889527942817
37.047288353263035,127.10766640968855,1554.4530960256855,32,GBCBB,1188.5549570591313
37.10616879437037,126.90926211924395,1744.8650752613942,40,IFGCB,1588.4341856933647
37.058675213129156,127.09853679636312,3498.87767686227,24,GBDGG,1891.9504718529995
37.14947379066096,127.13919883337847,3458.3317743313673,32,DEACF,1763.5618238779723
37.19394945429282,127.10142737976098,3574.2920529033095,24,JACBH,1120.499483162867
37.02741982005192,127.02655940274175,1765.9628307128264,32,AADGJ,1645.2598330021474
37.15462114170726,126.99499241644376,2064.9041378852344,40,DBEGD,1777.9348487498667
37.0304596936302,126.89973622732691,1712.7998406237762,24,HCCBB,1703.5490090987216
37.023041854466015,126.82077374769763,3113.337748450378,45,AADGJ,1156.0589490933726
37.10440328898282,126.92899161839317,2368.052206349227,24,GEDAE,1066.826054851565
37.20735356856106,126.712238987478,2699.069350184953,24,EJEFI,1491.8778392504682
37.21367865206764,126.99358262081061,1707.670007646096,32,FHIBJ,1896.0114651826611
37.293942302336035,126.88888904874524,2110.017694490429,40,GEDAE,1761.6899992957478
37.27721371019151,126.99403074585226,1506.2705024966856,32,EJAIA,1445.976033953486
37.00747203125551,127.08145242010463,3368.871153169117,32,HFIAJ,1732.4920515413041
37.16219071958221,126.96579545154576,1849.7032728195036,40,DCJJH,1381.0167848868746
37.231679061579605,126.77279298284652,3108.58710027027,32,CDBFE,1505.4184890215965
37.14918732102065,127.00347671716935,1996.2657479671175,40,CJCBC,1497.6925115044264
37.22119617039398,127.0605996346173,3264.232622393314,32,DBEGD,1275.3302192800154
37.02329398762939,126.81291307478712,1938.6539690632908,24,EDEAG,1037.5838069121628
37.10482931478104,126.92755008767182,2782.0557636139647,42,GEDAE,1194.184946779301
37.119075309615084,126.96790732925832,1636.9028634607844,41,EHCAD,1430.28077082747
37.0341493501196,126.71392841980169,1744.9344092172955,32,HEBIA,1514.130150810894
37.161577471572684,127.04564796844873,3627.8228186200463,32,DBEGD,1003.9845318111327
37.19671674169242,126.8172147476016,2286.7189249338003,32,GBCBB,1461.4538495366874
37.02431081184469,126.82429475827178,1708.4936167894077,40,DEACF,1402.5073425205185
37.10571929653908,127.05256892063669,3344.7911903487775,57,GEDAE,1630.7592306587567
37.00658375869061,126.7685672768782,1639.3666328552733,73,GEDAE,1589.815684661979
37.21030808902891,126.71081869740522,1992.0581565879695,40,JACBH,1609.3234774878124
37.11732178495831,126.8711007252002,3091.0537337594255,32,AEEDH,1874.887851687824
37.221596207328254,127.10929983910779,3771.0214090865393,32,HCCBB,1315.3554862608632
37.03667334581743,126.78453556822431,1590.5046156372696,24,EDJCI,1715.4268319506532
37.244221111329495,127.1677739534288,1900.5800563736314,32,IHEAD,1708.8032739535652
37.032551762203646,126.86748170729899,1737.5515338221328,24,EJEFI,1672.3812589035974
37.04481281872385,126.93249198368909,1987.5614254959778,32,IFGCB,1499.14583933242
37.28914429094153,126.73610803870493,1874.9360037450488,32,HEBIA,1516.9767697407324
37.17828153305291,127.07936717769394,1550.7947186863853,40,FHIBJ,994.3612240461172
37.29212760327047,126.77930065959697,1867.8733667215095,24,CDBFE,1263.6583402149452
37.05423386645939,126.80588416246287,1875.7074993881465,40,JACBH,1519.2726588781516
37.15104682228723,126.78256853779256,1535.6309354950115,24,ICDIG,1614.4590154493658
37.00499317102191,126.93676221665764,1914.4907784794402,32,EJEFI,1240.832158015659
37.03582374506885,127.16127608710461,2736.062108875147,40,GBCBB,988.4216567954873
37.045522327428536,126.70869490917838,1757.9963713453112,40,DBEGD,1336.0761527085788
37.164893165152684,126.73008696133176,1699.8891454082582,40,CDBFE,1818.9768789810284
37.22364713676934,127.08913918179383,1709.210217212076,24,EHCAD,1100.2429333938471
37.02871615774193,126.90560825913799,1863.024888605615,40,GEDAE,1377.731153425326
37.26077575596042,126.85103504357646,2747.362977872171,40,DEACF,1318.5728788503507
37.1667555588372,126.88115238392861,2173.196715085772,59,HEBIA,1031.840990812452
37.08273639736204,126.83122114540105,1719.676773884449,24,GBDGG,995.7613742369954
37.17596821525876,126.79737551920063,3220.8643698142987,40,GEDAE,1722.7190888187145
37.17881114984424,127.12972090974984,1794.4825008103585,32,JBCIJ,1154.8578561368327
37.03677937442857,126.84161839881197,3563.4731914751633,32,HCCBB,1510.4079253138593
37.133655235791785,126.92489464941254,2436.0344291637034,40,CDBFE,1550.0197648486833
37.22770038226928,127.05758279576172,2913.686944196757,32,AADGJ,962.8199130595243
37.242779769970575,126.93989228980749,1619.31419661735,24,IDCIC,1579.7017243449409
37.18042711720756,126.89507568593152,2713.3730912217948,32,EDEAG,1335.6233987475998
37.114369339100406,127.02947118254014,1877.414045341324,40,EGFBJ,1784.4906710017733
37.13532027151113,127.18920315828717,2097.100797710356,40,IFGCB,1235.296640221393
37.234056899763914,127.07218094577318,1506.2992748831184,40,FHIBJ,901.0661159445785
37.27626417087905,127.14646234617882,3615.28575532076,32,HCCBB,1564.6508515025623
37.164079222172035,126.85934591636199,2623.0723294518725,32,HEBIA,1406.3360318795249
37.255975296051,126.93808574558018,3441.150851740381,24,EHCAD,1434.6158124284584
37.26193821486628,126.74326558680572,2980.9736857434727,32,AADGJ,1039.90828533475
37.27106416841683,127.08722359336943,2615.5987401784582,32,EGFBJ,1822.4931666647078
37.28149824015374,126.74378573329012,1619.4058891926293,32,GBDGG,1004.914672057134
37.129140505820075,126.86505532510256,1552.3601040101007,24,EGFBJ,1747.279425334286
37.29287792020162,126.85681024961731,1706.502760860405,52,IIGFI,1153.9606796604255
37.036231717225974,126.75776865362423,1902.4657746670714,32,HFIAJ,1007.6747869513438
37.15569802068025,126.74895501298592,3347.770672699403,24,IHEAD,920.4822838981175
37.24929150514314,127.00810102814607,1596.5029121798998,24,JACBH,1258.2379899075313
37.04100679037323,126.72378356872836,3640.259472812542,32,IFGCB,1473.889458715043
37.23861529740015,127.02806837262105,3542.7390160644927,32,JACBH,1398.8471105826145
37.094541103345065,126.96799716954509,1777.7415069335007,24,HHGCB,1800.859359422066
37.17089320825665,127.07519102749325,1826.573940161022,61,DCJJH,1259.604652359184
37.23156003702854,126.78591252084473,1619.6780798393418,24,DEACF,1630.836359338879
37.22695341202162,126.73467673199555,1570.2311916468843,24,CJCBC,1561.0242225739612
37.11248215931313,126.808061581587,1623.1451430355235,40,GBDGG,985.6807674523404
37.05920961605332,127.09614469918117,1691.6348001567212,40,AADGJ,1387.0578850547467
37.05685290113341,126.90943077003902,1780.685581469797,40,GBCBB,917.4804141791232
37.023515716859905,126.82322767699542,1911.7922703425013,32,DEACF,1105.2128349252691
37.04906396744464,126.83430362676344,1589.5864652891662,40,IHEAD,1835.4686053051369
37.004933732935264,127.07645678633969,1840.155660115296,40,GBCBB,1740.7380008632006
37.231605021634806,126.93492520978053,1766.557247894374,32,JBCIJ,1868.0959940040204
37.054920174334775,126.80364723094735,1858.656922107827,32,EJEFI,909.6244404901541
37.168118098506795,126.90411534039686,1706.719225818105,32,IHEAD,985.1707062113096
37.206126097673305,126.9268008997643,1581.8912125108457,40,AEEDH,1640.3003059262478
37.26877618709113,126.71141653284904,2540.0801499845934,73,EDJCI,1229.6437966237966
37.16680411172526,126.81469785648841,1562.5349891189883,24,AEEDH,1823.380963880702
37.12279712412176,127.04155165248655,1646.984644356952,73,DBEGD,1004.2060406113501
37.24301909212272,126.7594482382267,2485.556937133363,24,JBCIJ,1256.328182609284
37.272117366572814,127.13716958861019,1609.1668804108667,24,IDCIC,1777.1898146848262
37.000538374985844,126.72992420776096,1527.7365698158433,32,HCCBB,1251.3573689485643
37.17738279654477,126.98033057235877,1722.879786675821,24,EDEAG,1444.042448056582
37.067716401269976,126.89643087344484,3282.8316390984455,24,EJAIA,1316.8567911777952
37.17385137337224,127.0119137507271,1702.3199251294745,24,FHIBJ,1098.0925787126728
37.0252762601086,126.86220416038513,1634.495478643158,32,GEDAE,1445.4808080620815
37.047012546179104,126.99152327526343,1718.4511706691455,40,GEDAE,1301.4882422376056
37.1217649557119,126.70600850273495,1937.09723750021,32,EJEFI,911.911202318078
37.16549594369721,126.79924532316097,1772.417192482093,24,GBCBB,921.8436002255401
37.224569805772774,126.93041119636175,2981.243428160854,32,EACGE,1517.451458102275
37.08637153829352,126.89742991342632,1914.821421962167,24,EDEAG,1823.305666698187
37.11627948680687,126.7221654001891,1653.2686153724403,24,AADGJ,1257.1356979582706
37.1931265562949,127.12598873210628,1905.1425478662416,40,CDBFE,1552.4372713180446
37.18184715096518,127.00576103359222,1562.0180231622123,24,AEEDH,945.6061299891481
37.0170131391733,126.92806334938487,1843.9326303192884,40,JACBH,1100.1099595655905
37.149698391015356,127.06435390967562,2283.032038262223,32,GBCBB,1540.8772024221612
37.17926027171977,126.95209398322856,1907.5543680031417,32,EJEFI,932.1808565806728
37.15555112644049,126.7018004536896,1995.1776089077314,32,FHIBJ,947.8295064418767
37.16620904365534,126.8078743349769,1866.384609066752,24,EGFBJ,1654.642571656524
37.29801905373335,127.17497535561097,2667.4205084215246,40,IHEAD,1271.9160825333379
37.198529218805774,126.96626402156173,1928.1207703401274,32,CDBFE,1806.6641318377451
37.00095904321877,127.13735291577858,1979.1938061197516,24,GBDGG,1433.2520509269366
37.04754721734234,126.83089867595446,1840.5006576836129,32,HEBIA,1597.1601011709784
37.212378464573376,127.00643372910349,1607.669490774718,73,FHIBJ,1486.316217744665
37.09815731498254,126.7510037955094,1621.63132752395,24,IIGFI,1141.027558597237
37.11583200846839,126.85528245572614,2610.8543976736114,24,JBCIJ,1623.560833398341
37.17889614002521,127.00614286700512,3351.648670500189,40,AEEDH,1304.2556913482338
37.24104557662576,127.13427426853073,3425.1074714664774,40,IIGFI,1084.4392960569285
37.14822668801182,126.95140758592319,2640.841567950302,40,GEDAE,1856.292611983504
37.18196737633284,127.11594405955867,1562.4862271546733,24,AADGJ,1215.555423152681
37.042081628618895,126.74404532673678,3526.316342900801,58,EHCAD,1461.8596797041068
37.22011108609445,126.855757066522,1815.462200138706,40,EGFBJ,1623.9466870994618
37.071464525687134,127.0060786414897,1691.8172686002722,32,EHCAD,1807.1355721941002
37.16357142277297,126.95704051483769,1702.28562722218,24,IIGFI,1189.849877950037
37.16523999522077,127.15128114154462,1715.5872689253624,32,IIGFI,1281.7317049110363
37.251483470761706,127.07306866913976,2356.50440130463,63,HHGCB,1416.9034071376418
37.07810762601306,126.7233918066777,1884.239692328495,24,DEACF,967.7573813741492
37.16185249045676,126.91740593080576,3564.856666505058,40,IHEAD,1593.6632526382186
37.288944791939585,127.1180621115334,3072.8109192013467,24,GBDGG,1803.2570804959798
37.23440788200798,126.7451856823905,2491.714188259426,61,EJAIA,1346.8219652149426
37.29449394286462,127.185185248192,1746.372819074955,40,EGFBJ,1461.6725521455837
37.004345082636235,127.1076110619456,1667.5533465124222,32,EHCAD,1377.1008660233592
